PLAYER_NAME,SEASON,CLUSTER,ARCHETYPE,DIST_TO_CENTROID,UMAP_1,UMAP_2,USG_PCT,AST_PCT,REB_PCT,OREB_PCT,DREB_PCT,TS_PCT,E_TOV_PCT,PACE
Zydrunas Ilgauskas,2004-05,1,Cluster 1,2.0013408142590654,7.557866,4.2524824,0.242,0.065,0.134,0.118,0.149,0.55,12.8,90.66
Erick Strickland,2004-05,0,Cluster 0,0.6174832502484489,-0.34523195,3.5799239,0.179,0.193,0.054,0.011,0.096,0.453,12.5,92.08
Eddy Curry,2004-05,3,Cluster 3,2.68166384655207,5.9077187,3.6662965,0.258,0.041,0.095,0.069,0.118,0.583,15.3,93.28
Eduardo Najera,2004-05,3,Cluster 3,1.5736467879659586,4.8843822,5.113606,0.153,0.084,0.101,0.082,0.12,0.489,12.5,96.5
Elton Brand,2004-05,1,Cluster 1,1.361590845463109,7.4725685,4.0363626,0.248,0.128,0.135,0.107,0.162,0.554,9.9,91.11
Emeka Okafor,2004-05,1,Cluster 1,1.84376108489003,7.8243365,4.8221927,0.215,0.042,0.154,0.101,0.215,0.479,9.3,93.88
Eric Snow,2004-05,0,Cluster 0,1.768284740229134,-0.7143515,3.3401222,0.111,0.258,0.043,0.02,0.067,0.445,11.6,90.33
Eric Williams,2004-05,2,Cluster 2,1.1039220107280117,2.048724,3.1390264,0.161,0.12,0.068,0.035,0.099,0.529,10.9,91.86
Erick Dampier,2004-05,5,Cluster 5,1.427566908541758,6.7894998,6.267091,0.159,0.048,0.159,0.121,0.194,0.58,16.4,93.24
Etan Thomas,2004-05,3,Cluster 3,1.300681847538227,5.374207,5.312822,0.164,0.034,0.125,0.082,0.176,0.521,12.9,94.01
David Harrison,2004-05,3,Cluster 3,2.956476049131951,6.068362,4.7273993,0.175,0.032,0.098,0.074,0.119,0.589,18.3,89.19
Flip Murray,2004-05,0,Cluster 0,2.1854157628511786,0.5411903,3.3648653,0.239,0.139,0.058,0.017,0.1,0.433,11.0,89.68
Fred Hoiberg,2004-05,2,Cluster 2,3.311925317975834,1.7000415,2.3964756,0.124,0.102,0.074,0.028,0.114,0.664,4.6,91.51
Fred Jones,2004-05,2,Cluster 2,1.8531566934271035,1.7538811,2.804222,0.177,0.166,0.057,0.016,0.099,0.551,10.9,89.99
Gary Payton,2004-05,4,Cluster 4,1.785783608222186,-0.33011886,0.9496294,0.168,0.279,0.048,0.02,0.075,0.537,10.3,95.36
George Lynch,2004-05,3,Cluster 3,2.9779922017106206,4.9481254,5.1993437,0.128,0.16,0.099,0.06,0.142,0.412,16.6,88.93
Gerald Wallace,2004-05,3,Cluster 3,1.1102884311690657,5.302347,4.709139,0.188,0.102,0.092,0.053,0.134,0.51,15.0,94.37
Gilbert Arenas,2004-05,4,Cluster 4,1.0863893558123923,2.1574323,0.7387248,0.265,0.224,0.056,0.024,0.09,0.565,9.8,95.55
Eddie Jones,2004-05,2,Cluster 2,1.047290378748003,2.393885,2.7470424,0.161,0.112,0.073,0.015,0.126,0.556,8.1,92.82
Eddie Griffin,2004-05,1,Cluster 1,1.91138994295552,7.774965,4.976716,0.186,0.057,0.15,0.09,0.203,0.474,8.3,91.65
Earl Watson,2004-05,0,Cluster 0,2.108524948942668,-0.43153942,1.9831475,0.2,0.353,0.048,0.021,0.074,0.5,14.6,90.03
Earl Boykins,2004-05,4,Cluster 4,1.784690955773089,-0.02801588,0.7838046,0.214,0.293,0.033,0.017,0.05,0.53,8.3,95.74
David West,2004-05,3,Cluster 3,1.9927570424872507,6.466435,4.5796423,0.191,0.085,0.118,0.067,0.179,0.479,14.6,89.31
DeShawn Stevenson,2004-05,2,Cluster 2,2.7228259464378914,3.8624508,2.0563986,0.206,0.105,0.047,0.034,0.06,0.456,9.6,98.51
DerMarr Johnson,2004-05,2,Cluster 2,2.285572343181687,3.3696966,1.6502984,0.172,0.096,0.062,0.037,0.084,0.605,11.7,97.26
Derek Anderson,2004-05,0,Cluster 0,1.189863907130058,0.53280556,2.8214233,0.182,0.194,0.052,0.02,0.084,0.503,10.9,91.1
Derek Fisher,2004-05,4,Cluster 4,1.5002653089419156,-0.2357504,0.95042247,0.189,0.222,0.046,0.016,0.079,0.519,10.1,95.43
Desmond Mason,2004-05,2,Cluster 2,1.265216523320454,1.8208405,1.9579324,0.228,0.127,0.056,0.03,0.081,0.526,9.7,93.09
Devean George,2004-05,2,Cluster 2,1.79985625469756,3.4264255,2.9441364,0.177,0.078,0.088,0.04,0.148,0.488,8.6,96.02
Devin Brown,2004-05,2,Cluster 2,0.5268763105114439,2.7459466,2.7510114,0.187,0.127,0.073,0.03,0.117,0.53,8.7,93.14
Devin Harris,2004-05,4,Cluster 4,2.3814176601522226,-0.651274,0.7227382,0.18,0.229,0.043,0.024,0.063,0.53,12.4,97.9
Dikembe Mutombo,2004-05,5,Cluster 5,1.705507799543104,7.0864515,6.152063,0.125,0.014,0.172,0.126,0.216,0.575,15.0,90.35
Dirk Nowitzki,2004-05,1,Cluster 1,2.381752772725159,4.993646,3.2104383,0.284,0.138,0.125,0.033,0.211,0.578,8.1,94.37
Donyell Marshall,2004-05,1,Cluster 1,2.3273700846044267,4.478849,4.0530868,0.184,0.083,0.13,0.058,0.199,0.591,5.6,94.39
Doug Christie,2004-05,0,Cluster 0,2.2561639647256397,-1.1852802,2.5168762,0.136,0.192,0.057,0.026,0.085,0.471,15.5,96.8
Drew Gooden,2004-05,1,Cluster 1,1.2000350232062635,7.860183,4.48105,0.215,0.088,0.156,0.084,0.229,0.548,9.9,91.76
Dwyane Wade,2004-05,4,Cluster 4,1.8788780116526203,1.0449826,0.8605521,0.302,0.303,0.069,0.04,0.095,0.561,12.9,92.7
Glenn Robinson,2004-05,2,Cluster 2,2.1212767399870778,1.7047819,1.5001493,0.264,0.105,0.073,0.024,0.123,0.517,6.9,92.52
Gordan Giricek,2004-05,2,Cluster 2,1.4830880203547423,1.1589661,2.6607513,0.212,0.15,0.059,0.016,0.105,0.516,9.8,91.14
Grant Hill,2004-05,4,Cluster 4,1.7144844278490081,2.6806142,1.014693,0.242,0.165,0.068,0.034,0.101,0.565,10.4,97.0
Jason Hart,2004-05,4,Cluster 4,1.7712396726510724,-0.20290314,0.96148306,0.178,0.335,0.054,0.009,0.105,0.534,9.0,94.37
Jason Kidd,2004-05,4,Cluster 4,2.6371477629753812,-0.4925978,1.8356625,0.206,0.368,0.103,0.039,0.169,0.506,10.1,92.22
Jason Richardson,2004-05,4,Cluster 4,1.5285163759864517,2.3790796,0.8729733,0.267,0.185,0.075,0.042,0.11,0.518,8.6,95.42
Jason Terry,2004-05,4,Cluster 4,2.1768831028912294,0.1247305,1.2685851,0.177,0.278,0.039,0.017,0.061,0.606,10.5,94.78
Jason Williams,2004-05,0,Cluster 0,2.077098434309336,0.057971142,1.9799587,0.189,0.339,0.032,0.01,0.055,0.522,10.7,91.5
Jeff Foster,2004-05,5,Cluster 5,2.123242168090221,7.3083587,5.896087,0.129,0.047,0.179,0.135,0.222,0.551,11.4,89.45
Jeff McInnis,2004-05,0,Cluster 0,2.0253856180735768,0.6555215,2.4536805,0.183,0.237,0.03,0.012,0.05,0.495,7.8,91.95
Jermaine O'Neal,2004-05,1,Cluster 1,3.335484177684644,7.529012,3.7906752,0.358,0.124,0.134,0.06,0.205,0.52,10.6,89.14
Jerome James,2004-05,3,Cluster 3,2.8657874672812444,6.0905275,4.7325172,0.161,0.024,0.096,0.063,0.131,0.533,18.4,88.02
Jerome Williams,2004-05,5,Cluster 5,1.418258330653025,5.7385573,5.809822,0.14,0.055,0.123,0.097,0.151,0.563,15.3,92.65
Jerry Stackhouse,2004-05,4,Cluster 4,1.5200525742784765,2.6323338,0.96121955,0.244,0.137,0.056,0.024,0.086,0.525,10.3,95.64
Jim Jackson,2004-05,2,Cluster 2,1.7837007497297805,3.5919514,1.5057462,0.16,0.147,0.066,0.017,0.11,0.553,12.7,95.7
Jiri Welsch,2004-05,2,Cluster 2,1.5822044770490584,3.5944686,1.8076046,0.173,0.12,0.066,0.021,0.111,0.518,11.7,96.48
Joe Johnson,2004-05,2,Cluster 2,1.8545012201083435,3.0944219,1.6388378,0.187,0.13,0.062,0.037,0.083,0.556,8.7,98.0
Joe Smith,2004-05,1,Cluster 1,1.8411714334334475,4.446989,4.170149,0.155,0.047,0.12,0.078,0.164,0.564,9.1,92.94
Joel Przybilla,2004-05,5,Cluster 5,1.8655865655274266,6.958933,6.2848587,0.123,0.063,0.162,0.102,0.218,0.596,16.9,92.17
Jason Kapono,2004-05,2,Cluster 2,2.1217684782291677,2.6978743,2.213455,0.217,0.072,0.053,0.02,0.09,0.486,5.6,96.41
Jason Collins,2004-05,3,Cluster 3,1.6883573576274935,3.9943905,5.1668878,0.117,0.066,0.1,0.062,0.14,0.471,12.3,90.52
Greg Buckner,2004-05,2,Cluster 2,2.72701662406081,3.406751,2.037156,0.111,0.127,0.071,0.045,0.096,0.638,9.4,96.1
Jarvis Hayes,2004-05,2,Cluster 2,1.532820624922934,3.1086342,3.0331635,0.177,0.093,0.071,0.024,0.123,0.475,8.4,95.83
Hedo Turkoglu,2004-05,4,Cluster 4,1.9107316729348176,2.7783031,1.0061128,0.241,0.153,0.065,0.034,0.095,0.532,10.3,97.66
Howard Eisley,2004-05,0,Cluster 0,1.6580663102809736,-0.40684915,2.600775,0.178,0.299,0.035,0.011,0.059,0.47,13.8,89.75
Ira Newble,2004-05,2,Cluster 2,1.8325084951911919,2.1021602,3.7250922,0.125,0.074,0.061,0.043,0.08,0.482,10.1,92.16
JR Smith,2004-05,0,Cluster 0,2.021127556035632,0.7677174,3.20632,0.226,0.142,0.042,0.02,0.066,0.478,10.2,89.89
Jackson Vroman,2004-05,5,Cluster 5,2.4884624337549783,5.72746,5.255659,0.186,0.095,0.129,0.09,0.174,0.457,19.0,93.1
Jacque Vaughn,2004-05,0,Cluster 0,1.5847389733250579,0.79070324,2.9433076,0.14,0.169,0.04,0.012,0.068,0.511,11.0,92.04
Jalen Rose,2004-05,4,Cluster 4,1.457624893718769,2.653251,1.0692024,0.248,0.14,0.052,0.016,0.089,0.562,10.5,94.82
Jamaal Magloire,2004-05,5,Cluster 5,2.24903373674018,6.5627174,4.971198,0.22,0.076,0.15,0.107,0.2,0.48,16.0,89.15
Jamaal Tinsley,2004-05,4,Cluster 4,1.8003373569813625,0.41076517,1.0707138,0.255,0.35,0.065,0.021,0.108,0.518,13.6,92.19
Jamal Crawford,2004-05,4,Cluster 4,1.381031920833331,0.9965776,2.1953156,0.221,0.19,0.039,0.012,0.067,0.521,9.0,93.48
Jameer Nelson,2004-05,4,Cluster 4,1.9138155497994773,-0.56343275,0.68003404,0.209,0.244,0.058,0.032,0.085,0.51,11.4,97.93
James Jones,2004-05,2,Cluster 2,1.527004269786413,2.095168,3.2658744,0.139,0.077,0.069,0.032,0.104,0.537,9.7,90.73
James Posey,2004-05,3,Cluster 3,1.7176026615516722,3.221831,4.3780394,0.161,0.11,0.084,0.035,0.132,0.5,12.3,90.12
Jared Jeffries,2004-05,3,Cluster 3,1.6293482987870052,4.850273,5.161357,0.134,0.115,0.092,0.072,0.113,0.513,14.7,96.07
Jarron Collins,2004-05,3,Cluster 3,1.485036087690953,4.002127,5.057296,0.117,0.091,0.093,0.063,0.123,0.509,11.2,91.63
David Wesley,2004-05,2,Cluster 2,1.5785431615894905,0.8754408,2.7448678,0.168,0.159,0.042,0.014,0.071,0.513,8.7,91.29
Darrick Martin,2004-05,0,Cluster 0,3.1753164022110876,-0.3651914,3.2420127,0.148,0.235,0.027,0.016,0.037,0.392,6.9,88.36
Jon Barry,2004-05,2,Cluster 2,1.6947069479097188,1.6963655,2.861445,0.143,0.177,0.055,0.018,0.089,0.57,10.6,91.79
Bob Sura,2004-05,3,Cluster 3,2.2408050932266077,-0.65481555,2.1208196,0.174,0.266,0.091,0.043,0.137,0.533,14.0,92.0
Antonio Daniels,2004-05,4,Cluster 4,2.0573458932580913,0.9283793,2.2116683,0.185,0.261,0.044,0.01,0.077,0.557,6.8,91.94
Antonio Davis,2004-05,3,Cluster 3,0.8494995114623478,5.294333,5.567828,0.143,0.071,0.114,0.081,0.148,0.516,14.5,93.08
Antonio McDyess,2004-05,1,Cluster 1,1.8021515329908586,7.531431,4.934257,0.198,0.073,0.141,0.102,0.181,0.542,11.0,88.96
Austin Croshere,2004-05,3,Cluster 3,1.0951135684269424,6.064081,4.1583867,0.18,0.099,0.11,0.06,0.162,0.531,12.8,91.28
Baron Davis,2004-05,4,Cluster 4,1.7810922622550187,0.6483564,1.0142558,0.273,0.391,0.053,0.019,0.09,0.515,9.7,92.96
Ben Gordon,2004-05,4,Cluster 4,1.8615911489766832,2.583718,0.7155133,0.294,0.165,0.052,0.027,0.074,0.526,12.2,95.4
Ben Wallace,2004-05,5,Cluster 5,2.9557551726206603,7.654967,5.251244,0.15,0.075,0.169,0.111,0.227,0.459,8.3,89.23
Bobby Jackson,2004-05,4,Cluster 4,1.392081523881018,2.1760116,0.9812982,0.246,0.195,0.074,0.04,0.108,0.537,7.6,94.88
Darrell Armstrong,2004-05,0,Cluster 0,1.3826412000724422,-1.0789636,2.1186817,0.165,0.295,0.058,0.034,0.083,0.43,12.1,94.77
Bobby Simmons,2004-05,2,Cluster 2,1.4226507746787995,2.0090845,2.5206368,0.204,0.126,0.083,0.049,0.116,0.54,9.1,91.1
Bonzi Wells,2004-05,2,Cluster 2,2.0978242526494526,1.8724368,1.8925838,0.246,0.106,0.082,0.035,0.131,0.515,10.3,90.85
Boris Diaw,2004-05,0,Cluster 0,1.77139094291086,-1.152628,2.5459778,0.153,0.202,0.073,0.044,0.105,0.479,15.4,94.37
Bostjan Nachbar,2004-05,2,Cluster 2,1.8838964748986091,2.234549,2.9603236,0.184,0.102,0.07,0.018,0.126,0.534,12.0,90.29
Brad Miller,2004-05,1,Cluster 1,2.1884133826830148,4.4416847,4.0726724,0.173,0.16,0.124,0.068,0.177,0.596,7.9,95.48
Brendan Haywood,2004-05,3,Cluster 3,2.3294136665131715,5.544326,5.8517323,0.148,0.047,0.12,0.105,0.135,0.588,13.8,95.85
Brent Barry,2004-05,2,Cluster 2,1.4536326771956585,1.6363721,2.6634865,0.148,0.168,0.056,0.017,0.095,0.58,8.4,92.64
Antoine Walker,2004-05,1,Cluster 1,1.9323299189221776,5.7276235,3.3361573,0.268,0.163,0.122,0.061,0.188,0.478,12.3,93.37
Anthony Johnson,2004-05,0,Cluster 0,2.208777398629868,0.08360194,2.244131,0.164,0.309,0.054,0.02,0.086,0.526,10.6,88.94
Anthony Goldwire,2004-05,2,Cluster 2,2.286090201558837,1.3936977,2.491601,0.143,0.252,0.058,0.02,0.096,0.575,6.2,91.82
Antawn Jamison,2004-05,2,Cluster 2,2.235068485355297,3.778729,2.7057,0.234,0.101,0.097,0.058,0.138,0.506,7.4,96.19
Aaron McKie,2004-05,2,Cluster 2,3.439178116967596,3.6597033,1.7131908,0.068,0.135,0.075,0.017,0.135,0.51,11.0,99.06
Adonal Foyle,2004-05,3,Cluster 3,1.8269343180771134,5.3352532,5.804164,0.104,0.048,0.122,0.093,0.152,0.514,12.7,94.87
Al Harrington,2004-05,3,Cluster 3,1.731468312822831,5.5289755,3.0476146,0.236,0.148,0.096,0.057,0.139,0.508,13.1,92.35
Alan Henderson,2004-05,5,Cluster 5,1.941311408163474,5.6259875,6.1604967,0.111,0.029,0.141,0.133,0.149,0.539,15.1,95.29
Alex Garcia,2004-05,0,Cluster 0,2.276641362992039,-0.18263316,3.1560307,0.196,0.228,0.057,0.048,0.069,0.409,10.0,88.51
Allan Houston,2004-05,2,Cluster 2,2.190802140314396,1.0201694,2.5510485,0.207,0.127,0.023,0.008,0.039,0.529,7.3,92.05
Allen Iverson,2004-05,4,Cluster 4,2.9493229809911647,1.0142803,0.8108847,0.344,0.361,0.047,0.016,0.079,0.532,11.1,97.37
Alonzo Mourning,2004-05,5,Cluster 5,2.121978829623273,6.5074806,4.9228806,0.22,0.052,0.144,0.082,0.2,0.515,16.3,89.74
Amar'e Stoudemire,2004-05,1,Cluster 1,2.876810329045577,4.8466287,3.4477673,0.283,0.075,0.121,0.079,0.157,0.617,9.4,97.43
Anderson Varejao,2004-05,5,Cluster 5,2.1767003869069614,7.363172,5.5183864,0.14,0.05,0.148,0.12,0.18,0.534,8.6,90.75
Andre Iguodala,2004-05,3,Cluster 3,2.6730471389432617,3.6294007,1.6429247,0.127,0.139,0.087,0.033,0.141,0.58,13.6,97.31
Andre Miller,2004-05,4,Cluster 4,1.4771404221066595,-0.39744118,1.1390471,0.194,0.315,0.061,0.037,0.084,0.541,12.1,94.84
Andrei Kirilenko,2004-05,1,Cluster 1,2.3976725014834344,6.726551,3.6919231,0.214,0.178,0.104,0.074,0.132,0.599,11.9,89.76
Andres Nocioni,2004-05,3,Cluster 3,1.715128469297027,5.2190895,4.541858,0.194,0.111,0.101,0.036,0.166,0.484,14.1,95.48
Anfernee Hardaway,2004-05,0,Cluster 0,1.085822229333474,-0.16674632,3.7216194,0.165,0.141,0.053,0.022,0.086,0.48,12.4,93.26
Brevin Knight,2004-05,4,Cluster 4,2.8784173060505425,-0.3400491,1.1050482,0.18,0.462,0.044,0.01,0.082,0.495,10.4,95.14
Brian Cardinal,2004-05,3,Cluster 3,1.6569345691237636,3.100074,3.5355563,0.194,0.135,0.084,0.048,0.119,0.51,11.7,90.7
Brian Cook,2004-05,2,Cluster 2,1.9295883495140589,3.4910595,2.881043,0.19,0.056,0.098,0.057,0.14,0.522,5.8,93.77
Chris Webber,2004-05,1,Cluster 1,2.908379657392668,5.415714,3.2616634,0.292,0.231,0.129,0.056,0.199,0.472,9.7,96.35
Christian Laettner,2004-05,2,Cluster 2,2.1283134579686562,4.109239,3.7380152,0.148,0.091,0.089,0.053,0.119,0.619,10.4,93.61
Chucky Atkins,2004-05,2,Cluster 2,1.881481310762435,0.68986374,1.9869635,0.177,0.201,0.033,0.011,0.055,0.558,10.0,93.67
Clifford Robinson,2004-05,2,Cluster 2,1.2539003811102933,2.6383417,3.5283277,0.166,0.102,0.062,0.029,0.099,0.471,9.0,94.17
Corey Maggette,2004-05,4,Cluster 4,1.885838319109557,2.0494072,1.2063085,0.272,0.167,0.085,0.031,0.135,0.574,11.5,92.47
Corliss Williamson,2004-05,2,Cluster 2,1.9025945223634044,3.9210804,2.6153111,0.219,0.09,0.084,0.066,0.102,0.536,10.1,96.49
Cuttino Mobley,2004-05,2,Cluster 2,1.5722181963356743,2.9483535,1.3033324,0.212,0.122,0.048,0.019,0.076,0.555,9.9,96.12
Dale Davis,2004-05,5,Cluster 5,1.3962954986292937,7.1423492,5.5908475,0.113,0.057,0.145,0.117,0.172,0.512,11.7,91.25
Damien Wilkins,2004-05,2,Cluster 2,2.0056489966574818,2.0110807,3.3533943,0.176,0.091,0.069,0.057,0.083,0.5,7.1,89.78
Damon Jones,2004-05,2,Cluster 2,2.37631685818284,1.5768828,2.3425603,0.15,0.201,0.046,0.006,0.082,0.625,8.1,93.97
Damon Stoudamire,2004-05,4,Cluster 4,1.3085907393527287,0.58471805,1.5057626,0.23,0.283,0.057,0.021,0.091,0.51,8.7,91.45
Dan Dickau,2004-05,4,Cluster 4,1.821636762147476,0.28068885,1.8963457,0.219,0.309,0.045,0.016,0.075,0.518,10.8,90.19
Dan Gadzuric,2004-05,5,Cluster 5,2.1373271794042843,7.164486,6.087021,0.155,0.026,0.192,0.147,0.238,0.551,12.5,92.28
Danny Fortson,2004-05,5,Cluster 5,4.321423729092963,6.825789,6.2617416,0.187,0.013,0.175,0.16,0.19,0.682,20.8,90.19
Darius Miles,2004-05,3,Cluster 3,2.2104030851226097,5.245266,2.812056,0.253,0.143,0.089,0.045,0.127,0.511,14.6,93.19
Darius Songaila,2004-05,3,Cluster 3,1.7741161904824245,4.2917156,3.8821568,0.161,0.106,0.104,0.075,0.133,0.566,9.7,94.05
Chris Wilcox,2004-05,3,Cluster 3,1.6931795584927674,6.2146864,4.7116184,0.212,0.068,0.12,0.069,0.166,0.543,15.2,91.59
Chris Mihm,2004-05,5,Cluster 5,1.3173095343567716,6.7584767,5.7098794,0.186,0.046,0.133,0.107,0.159,0.552,13.3,92.85
Brian Grant,2004-05,3,Cluster 3,1.5202496160081318,5.172252,5.8237305,0.113,0.048,0.111,0.088,0.133,0.539,13.4,93.8
Chris Kaman,2004-05,5,Cluster 5,1.2486376707005766,6.4547324,5.08069,0.185,0.077,0.137,0.088,0.185,0.522,15.6,91.09
Brian Scalabrine,2004-05,3,Cluster 3,1.122548976001657,5.9510565,4.161667,0.166,0.132,0.109,0.072,0.149,0.468,12.8,91.6
Brian Skinner,2004-05,5,Cluster 5,2.149957074076824,6.148005,5.922903,0.126,0.067,0.147,0.107,0.191,0.494,12.5,96.91
Bruce Bowen,2004-05,2,Cluster 2,2.194326983736553,1.9563506,3.5093787,0.126,0.075,0.056,0.02,0.092,0.521,6.9,89.59
Calbert Cheaney,2004-05,2,Cluster 2,1.9393483853263969,2.8843522,3.4693234,0.147,0.116,0.063,0.031,0.098,0.444,9.2,95.1
Carlos Arroyo,2004-05,0,Cluster 0,1.4062727457919684,-0.46229333,2.29212,0.187,0.332,0.037,0.018,0.059,0.466,12.1,91.68
Carlos Boozer,2004-05,1,Cluster 1,1.1735359361534605,7.624929,4.166619,0.242,0.147,0.142,0.087,0.198,0.56,12.5,91.84
Carlos Delfino,2004-05,0,Cluster 0,1.3567621902815659,-0.47398996,3.7614217,0.158,0.138,0.065,0.03,0.1,0.431,11.8,91.83
Carmelo Anthony,2004-05,4,Cluster 4,2.306112955200512,2.7165754,0.8459194,0.286,0.129,0.084,0.057,0.109,0.526,11.8,95.95
Caron Butler,2004-05,2,Cluster 2,0.9993016471989431,3.4439638,2.697365,0.204,0.091,0.081,0.053,0.109,0.528,8.9,93.56
Casey Jacobsen,2004-05,2,Cluster 2,1.4386466533330278,1.6313136,2.899706,0.141,0.102,0.046,0.02,0.072,0.555,10.5,92.9
Charlie Ward,2004-05,0,Cluster 0,1.1037418247305535,-0.68414044,3.540172,0.132,0.189,0.056,0.017,0.093,0.453,12.5,91.78
Chauncey Billups,2004-05,4,Cluster 4,2.6758224688657624,0.6715172,2.2079673,0.203,0.277,0.048,0.018,0.078,0.609,10.4,88.65
Chris Andersen,2004-05,5,Cluster 5,1.9961495176103132,7.4190693,5.3118787,0.166,0.093,0.15,0.102,0.196,0.581,11.1,89.52
Chris Bosh,2004-05,1,Cluster 1,1.0315886640284553,5.4434905,3.6313317,0.217,0.086,0.123,0.066,0.181,0.547,11.8,94.29
Chris Duhon,2004-05,0,Cluster 0,1.354158937120598,-0.8416716,2.4571073,0.13,0.28,0.049,0.01,0.088,0.471,11.5,93.89
John Salmons,2004-05,0,Cluster 0,2.4073872942953374,3.661242,1.511608,0.125,0.193,0.06,0.012,0.109,0.511,12.9,96.92
Dwight Howard,2004-05,5,Cluster 5,2.018309841945881,6.3955593,6.218315,0.167,0.043,0.156,0.111,0.199,0.571,15.0,96.58
Josh Childress,2004-05,3,Cluster 3,1.4567190976709947,4.4176283,3.8767796,0.155,0.1,0.105,0.081,0.131,0.543,10.6,94.87
Sam Cassell,2004-05,4,Cluster 4,1.2261428872421036,0.5963649,1.1281915,0.255,0.336,0.051,0.017,0.083,0.529,9.4,92.51
Ricky Davis,2004-05,4,Cluster 4,1.6074590182323427,2.730167,0.8909431,0.232,0.163,0.047,0.026,0.067,0.547,12.5,95.4
Robert Horry,2004-05,3,Cluster 3,0.8608239530123221,5.944575,4.224611,0.16,0.091,0.101,0.068,0.134,0.533,12.1,91.75
Robert Traylor,2004-05,3,Cluster 3,1.457076838608996,6.3365498,5.2926908,0.171,0.075,0.124,0.097,0.152,0.461,12.6,92.24
Rodney Buford,2004-05,2,Cluster 2,2.3000541915228463,2.3842285,3.8519099,0.188,0.093,0.074,0.024,0.13,0.437,5.8,92.9
Rodney Rogers,2004-05,3,Cluster 3,1.3167463561934711,5.406351,4.161563,0.188,0.11,0.092,0.044,0.143,0.462,13.2,93.01
Ron Mercer,2004-05,0,Cluster 0,2.458291117997947,1.0014724,3.4469523,0.205,0.111,0.051,0.022,0.083,0.422,7.1,92.22
Ruben Patterson,2004-05,3,Cluster 3,2.216633731087233,4.261552,3.2631416,0.2,0.12,0.07,0.068,0.072,0.558,14.2,92.13
Samuel Dalembert,2004-05,5,Cluster 5,2.265626501731067,6.271877,6.2004986,0.16,0.031,0.152,0.107,0.195,0.543,16.5,97.43
Pau Gasol,2004-05,1,Cluster 1,1.7228445924588265,7.375728,3.9671483,0.257,0.143,0.121,0.079,0.161,0.582,12.1,90.52
Scot Pollard,2004-05,5,Cluster 5,1.97391514053713,7.0132046,5.3904567,0.12,0.034,0.129,0.107,0.152,0.506,13.0,88.56
Sebastian Telfair,2004-05,0,Cluster 0,1.5275735296507067,-1.0431554,1.4310946,0.208,0.28,0.04,0.008,0.069,0.471,14.9,93.79
Shandon Anderson,2004-05,3,Cluster 3,1.5515771107214773,4.0909586,5.23492,0.117,0.091,0.084,0.039,0.123,0.518,13.7,93.66
Shane Battier,2004-05,2,Cluster 2,1.9894334600077879,2.2881184,3.2731402,0.145,0.081,0.086,0.066,0.105,0.555,8.2,90.41
Shaquille O'Neal,2004-05,1,Cluster 1,2.290027643598698,7.692444,3.978626,0.301,0.149,0.158,0.112,0.197,0.583,11.1,92.65
Shareef Abdur-Rahim,2004-05,1,Cluster 1,1.5927487382641725,6.3938174,3.712163,0.216,0.106,0.107,0.069,0.143,0.581,11.6,91.95
Shaun Livingston,2004-05,0,Cluster 0,1.557491523862277,-1.1446102,1.7525939,0.172,0.287,0.057,0.03,0.082,0.461,16.1,93.45
Rick Brunson,2004-05,0,Cluster 0,1.4157269672549884,-0.8110028,2.5863993,0.141,0.332,0.05,0.013,0.086,0.46,12.4,91.79
Richard Jefferson,2004-05,4,Cluster 4,2.7564619674089,1.8109611,1.2979151,0.281,0.204,0.093,0.039,0.145,0.537,13.9,89.65
Richard Hamilton,2004-05,4,Cluster 4,1.829146401581027,0.59046674,1.7771245,0.245,0.226,0.052,0.026,0.076,0.528,11.2,89.6
Reggie Miller,2004-05,2,Cluster 2,2.3278197782838426,1.5203546,2.6533906,0.198,0.125,0.039,0.009,0.067,0.582,7.3,89.72
Peja Stojakovic,2004-05,2,Cluster 2,1.5922820693254938,2.899407,2.134232,0.213,0.086,0.056,0.025,0.086,0.584,7.4,95.35
Predrag Drobnjak,2004-05,2,Cluster 2,1.7350868111753248,4.2012324,2.9059465,0.205,0.06,0.086,0.05,0.125,0.501,10.8,95.66
Primoz Brezec,2004-05,1,Cluster 1,1.7875485008134941,4.6576524,3.864308,0.181,0.063,0.117,0.094,0.144,0.55,10.1,94.89
Quentin Richardson,2004-05,2,Cluster 2,1.9391210322473726,3.1551666,2.4849722,0.186,0.077,0.08,0.032,0.122,0.522,7.4,97.98
Quinton Ross,2004-05,2,Cluster 2,1.8925159851425173,2.1700573,3.8104424,0.134,0.109,0.068,0.039,0.094,0.471,9.2,90.99
Raef LaFrentz,2004-05,1,Cluster 1,2.224331335482947,4.5391765,4.0915804,0.165,0.069,0.129,0.074,0.181,0.587,7.6,95.7
Rafer Alston,2004-05,4,Cluster 4,1.2303360382986288,-0.08193352,0.8295511,0.208,0.314,0.052,0.015,0.09,0.522,9.6,95.2
Raja Bell,2004-05,2,Cluster 2,1.306977043353302,1.7736431,2.5347502,0.205,0.092,0.06,0.028,0.095,0.527,8.7,90.85
Rashard Lewis,2004-05,2,Cluster 2,2.1679273999039435,1.8833716,2.2871535,0.237,0.064,0.075,0.042,0.108,0.571,8.2,90.08
Rasheed Wallace,2004-05,1,Cluster 1,1.922356483010401,7.305406,4.3969436,0.22,0.094,0.123,0.067,0.177,0.499,9.0,88.68
Rasho Nesterovic,2004-05,5,Cluster 5,1.8030481822463678,6.864196,5.421487,0.132,0.061,0.133,0.11,0.155,0.463,12.4,90.73
Rasual Butler,2004-05,2,Cluster 2,1.3269177533687961,2.4611876,3.6641338,0.175,0.085,0.062,0.013,0.108,0.488,7.0,92.69
Raul Lopez,2004-05,0,Cluster 0,2.3146869286080913,-0.52931064,1.6453032,0.175,0.363,0.043,0.015,0.07,0.538,14.7,92.31
Ray Allen,2004-05,4,Cluster 4,1.9852273459795624,1.5813782,1.5005941,0.27,0.176,0.059,0.026,0.093,0.555,8.0,90.28
Reggie Evans,2004-05,5,Cluster 5,3.6003579135906203,7.082027,6.1117887,0.118,0.046,0.206,0.137,0.28,0.512,19.3,88.29
Shawn Marion,2004-05,1,Cluster 1,2.5463045779008593,4.73747,3.8441513,0.208,0.072,0.139,0.076,0.197,0.556,7.4,98.32
Speedy Claxton,2004-05,4,Cluster 4,1.6786119274174733,-0.32675904,0.9391265,0.197,0.33,0.049,0.019,0.084,0.493,9.8,95.17
Stephen Jackson,2004-05,4,Cluster 4,2.353750065405913,1.7133311,1.6316191,0.27,0.133,0.074,0.026,0.12,0.518,10.6,89.67
Trevor Ariza,2004-05,3,Cluster 3,0.9166448739714984,5.2707705,3.6922164,0.175,0.101,0.091,0.067,0.114,0.503,11.7,93.37
Josh Howard,2004-05,3,Cluster 3,1.3940511569287455,4.519736,3.5585246,0.182,0.069,0.099,0.071,0.125,0.535,10.8,95.0
Tyronn Lue,2004-05,4,Cluster 4,1.7806148288897858,0.5054569,2.0437012,0.187,0.275,0.039,0.007,0.073,0.542,9.1,91.68
Tyson Chandler,2004-05,5,Cluster 5,1.7521283191440766,6.667113,6.313367,0.137,0.049,0.171,0.117,0.224,0.565,15.7,95.01
Udonis Haslem,2004-05,5,Cluster 5,1.558648187917519,6.9639125,5.714267,0.146,0.061,0.142,0.098,0.182,0.588,11.8,92.16
Viktor Khryapa,2004-05,3,Cluster 3,1.7089389811801003,5.000492,5.167734,0.148,0.08,0.101,0.053,0.147,0.474,16.5,95.35
Vince Carter,2004-05,4,Cluster 4,1.8664351180500773,1.534838,1.0974047,0.305,0.234,0.072,0.037,0.11,0.541,7.5,92.74
Vladimir Radmanovic,2004-05,2,Cluster 2,1.2420096761775605,2.3845632,2.7530684,0.188,0.076,0.082,0.03,0.133,0.534,9.3,91.65
Voshon Lenard,2004-05,2,Cluster 2,4.509453030687868,3.0413811,1.6700599,0.221,0.15,0.055,0.0,0.128,0.491,5.3,103.65
Wally Szczerbiak,2004-05,2,Cluster 2,1.642399113325445,2.069051,2.286928,0.209,0.125,0.06,0.034,0.084,0.595,9.6,91.82
Wesley Person,2004-05,2,Cluster 2,2.034718045494651,2.972498,2.314956,0.162,0.094,0.06,0.004,0.117,0.57,5.9,96.81
Willie Green,2004-05,0,Cluster 0,2.25709931535512,4.100005,2.1130655,0.226,0.172,0.062,0.02,0.106,0.457,11.5,96.97
Yao Ming,2004-05,1,Cluster 1,2.2078745360336924,7.620492,4.107581,0.261,0.048,0.143,0.091,0.193,0.614,13.5,91.61
Zach Randolph,2004-05,1,Cluster 1,1.467351162591519,7.6332026,3.8207943,0.273,0.107,0.138,0.089,0.187,0.511,10.7,90.85
Zaza Pachulia,2004-05,5,Cluster 5,0.8956001936111563,7.087595,5.4612727,0.166,0.071,0.145,0.101,0.189,0.526,12.4,91.5
Zeljko Rebraca,2004-05,3,Cluster 3,2.5954789556673012,6.004432,4.7375603,0.16,0.049,0.103,0.058,0.143,0.625,14.1,90.38
Troy Hudson,2004-05,0,Cluster 0,1.7675159491190948,0.19652301,2.302218,0.214,0.265,0.031,0.012,0.049,0.491,10.3,90.93
Trenton Hassell,2004-05,2,Cluster 2,1.8958819443427573,1.9752322,3.543005,0.13,0.097,0.054,0.04,0.067,0.515,8.9,90.45
Stephon Marbury,2004-05,4,Cluster 4,1.583637821078268,0.34700945,1.1732177,0.243,0.344,0.039,0.015,0.064,0.575,9.5,93.18
Travis Best,2004-05,0,Cluster 0,1.6262404153533163,0.716198,2.6562681,0.18,0.183,0.039,0.013,0.066,0.508,9.4,91.64
Steve Francis,2004-05,4,Cluster 4,1.9302797520902566,1.0386322,0.7736315,0.28,0.315,0.076,0.044,0.107,0.521,12.9,96.42
Steve Nash,2004-05,4,Cluster 4,3.268388600894733,-0.1619819,1.1941441,0.201,0.46,0.047,0.023,0.069,0.606,11.8,97.79
Stromile Swift,2004-05,1,Cluster 1,1.6451989643973635,5.9681396,3.6544287,0.244,0.063,0.111,0.077,0.144,0.517,12.5,91.87
Tayshaun Prince,2004-05,2,Cluster 2,2.0821952999905013,1.9836549,2.8038268,0.185,0.14,0.073,0.045,0.1,0.556,9.2,88.79
Theo Ratliff,2004-05,3,Cluster 3,2.268378733580725,4.4594316,5.544423,0.098,0.03,0.098,0.068,0.127,0.5,14.2,89.18
Theron Smith,2004-05,3,Cluster 3,2.939111899271058,4.5681267,4.872764,0.146,0.094,0.111,0.069,0.159,0.367,13.6,95.39
Tim Duncan,2004-05,1,Cluster 1,2.6745126324031583,7.7582045,3.9048882,0.289,0.151,0.174,0.099,0.244,0.54,8.2,89.77
Tim Thomas,2004-05,2,Cluster 2,1.1074019648534064,2.9832158,2.1879067,0.211,0.093,0.064,0.024,0.105,0.536,11.1,93.63
Tom Gugliotta,2004-05,3,Cluster 3,1.3123335508785359,5.1150007,5.0036845,0.148,0.115,0.105,0.06,0.153,0.46,14.8,94.27
Toni Kukoc,2004-05,0,Cluster 0,1.7739079204091064,-0.73889554,2.237565,0.143,0.228,0.075,0.03,0.118,0.523,12.6,93.64
Tony Allen,2004-05,3,Cluster 3,2.147799412772403,4.8428645,3.699322,0.183,0.08,0.09,0.07,0.11,0.542,12.9,97.74
Tony Battie,2004-05,3,Cluster 3,2.155939050280273,5.152232,5.4296813,0.11,0.033,0.118,0.058,0.175,0.498,15.6,95.99
Tony Delk,2004-05,2,Cluster 2,1.6729519632251666,2.4829323,1.842657,0.228,0.138,0.05,0.02,0.084,0.512,6.7,95.24
Tony Parker,2004-05,4,Cluster 4,1.503635036878344,0.5570683,1.3588798,0.247,0.323,0.056,0.018,0.095,0.528,10.9,90.73
Tracy McGrady,2004-05,4,Cluster 4,2.250778999387546,1.28907,1.1674955,0.304,0.276,0.078,0.023,0.131,0.526,7.9,90.73
Paul Pierce,2004-05,4,Cluster 4,2.03358965657943,2.3319607,1.195305,0.261,0.197,0.094,0.028,0.154,0.583,11.0,95.17
Troy Murphy,2004-05,1,Cluster 1,1.896109503372272,7.8077073,4.8221827,0.218,0.068,0.153,0.097,0.215,0.495,8.4,95.52
P.J. Brown,2004-05,1,Cluster 1,2.0282249108564265,7.519682,5.1466327,0.157,0.109,0.134,0.092,0.18,0.512,8.8,89.74
Leandro Barbosa,2004-05,4,Cluster 4,3.3578605785544497,-0.6014211,0.60777193,0.184,0.187,0.056,0.029,0.08,0.575,14.6,100.15
Kurt Thomas,2004-05,1,Cluster 1,2.29743909806387,7.857889,4.89263,0.164,0.09,0.151,0.061,0.245,0.488,8.3,93.37
Kwame Brown,2004-05,3,Cluster 3,1.4132431285764855,5.447891,5.166654,0.175,0.074,0.113,0.078,0.15,0.497,16.8,94.06
Kyle Korver,2004-05,2,Cluster 2,2.2681951301759966,3.4877732,1.7208687,0.144,0.108,0.071,0.015,0.127,0.588,9.7,97.88
Lamar Odom,2004-05,1,Cluster 1,1.4124423631520884,7.4490743,4.399045,0.208,0.182,0.139,0.059,0.215,0.539,12.3,92.38
Larry Hughes,2004-05,4,Cluster 4,1.606746037220514,2.376906,0.86139125,0.261,0.214,0.08,0.03,0.131,0.523,8.9,96.3
Latrell Sprewell,2004-05,2,Cluster 2,1.5712205608542007,1.069811,3.0228295,0.217,0.119,0.052,0.028,0.075,0.489,9.4,91.84
LeBron James,2004-05,4,Cluster 4,2.2785767723903487,1.1666163,1.0030935,0.292,0.324,0.089,0.033,0.147,0.554,9.3,91.02
Lee Nailon,2004-05,2,Cluster 2,2.323259771823412,1.9853147,2.2992682,0.238,0.11,0.076,0.062,0.092,0.511,9.5,89.68
Marcus Camby,2004-05,1,Cluster 1,2.2490153469343492,7.862966,4.7093987,0.174,0.119,0.168,0.07,0.257,0.505,11.1,93.86
Loren Woods,2004-05,5,Cluster 5,1.6824498743228558,6.277091,5.907571,0.143,0.038,0.154,0.105,0.21,0.463,15.2,94.68
Lorenzen Wright,2004-05,1,Cluster 1,1.8493870855027756,7.6605253,5.0296426,0.179,0.066,0.143,0.082,0.205,0.501,10.4,89.58
Lucious Harris,2004-05,2,Cluster 2,1.7858013179159447,2.2355123,3.7800367,0.14,0.073,0.053,0.033,0.074,0.475,7.1,92.48
Luke Ridnour,2004-05,0,Cluster 0,1.8551697860103862,0.02752844,2.3592155,0.17,0.304,0.042,0.022,0.063,0.504,10.3,89.75
Luol Deng,2004-05,3,Cluster 3,1.6266688603807768,5.163531,3.0552518,0.221,0.141,0.096,0.057,0.133,0.496,12.2,94.85
Malik Rose,2004-05,3,Cluster 3,1.2528788550515149,6.2479143,4.891737,0.192,0.07,0.12,0.091,0.149,0.511,14.9,92.03
Manu Ginobili,2004-05,4,Cluster 4,1.9468000103649965,2.1770086,1.3929453,0.235,0.217,0.078,0.037,0.118,0.609,12.0,91.63
Kobe Bryant,2004-05,4,Cluster 4,1.856620114429729,1.1312915,0.85086036,0.312,0.287,0.072,0.035,0.109,0.563,11.8,92.79
Kirk Hinrich,2004-05,4,Cluster 4,1.3023947590677312,0.07128977,0.9707082,0.221,0.318,0.054,0.011,0.097,0.495,9.3,93.77
Keyon Dooling,2004-05,0,Cluster 0,1.255102996810795,0.38537377,2.844232,0.18,0.187,0.039,0.01,0.065,0.486,11.0,90.78
Kevin Garnett,2004-05,1,Cluster 1,3.0600998022997548,7.784984,4.0236354,0.268,0.264,0.181,0.083,0.272,0.567,9.7,91.42
Othella Harrington,2004-05,3,Cluster 3,1.443668203803477,5.5873184,3.8231962,0.204,0.077,0.114,0.083,0.146,0.559,13.1,93.84
Josh Smith,2004-05,3,Cluster 3,0.9283569662557085,5.2998147,4.822442,0.178,0.1,0.114,0.071,0.159,0.506,13.9,94.81
Juan Dixon,2004-05,4,Cluster 4,1.1386631541390182,2.4323783,0.8335838,0.228,0.19,0.056,0.029,0.085,0.518,10.2,95.59
Jumaine Jones,2004-05,2,Cluster 2,2.2670344481181157,4.053994,4.2514105,0.139,0.057,0.107,0.058,0.156,0.556,7.7,92.11
Junior Harrington,2004-05,0,Cluster 0,1.8355476952380207,-0.2636757,3.067102,0.204,0.23,0.06,0.024,0.097,0.421,13.8,88.97
Juwan Howard,2004-05,3,Cluster 3,1.580511177885686,6.101572,4.021548,0.19,0.1,0.112,0.083,0.14,0.494,10.3,90.88
Kareem Rush,2004-05,2,Cluster 2,1.689382645409431,1.2172796,3.2593026,0.215,0.121,0.046,0.019,0.075,0.471,8.7,94.14
Keith Bogans,2004-05,0,Cluster 0,1.9376382108343375,4.2015066,2.3893833,0.213,0.124,0.064,0.04,0.09,0.465,11.9,95.44
Keith Van Horn,2004-05,1,Cluster 1,1.6688519943478657,4.703097,3.3815463,0.212,0.085,0.1,0.06,0.141,0.55,10.3,94.29
Kelvin Cato,2004-05,5,Cluster 5,2.716188310191185,5.6967177,5.839068,0.122,0.039,0.136,0.07,0.197,0.6,13.8,96.87
Kendall Gill,2004-05,2,Cluster 2,1.4889950881773069,2.397896,3.7441478,0.155,0.159,0.068,0.037,0.106,0.479,7.2,92.52
Kenny Anderson,2004-05,0,Cluster 0,1.282532467691681,-1.1226274,2.587435,0.155,0.22,0.063,0.031,0.1,0.467,13.3,95.07
Kenny Thomas,2004-05,1,Cluster 1,1.4470438242849324,5.3198876,3.6081214,0.205,0.118,0.125,0.083,0.168,0.515,11.3,95.57
Kenyon Martin,2004-05,1,Cluster 1,1.1642172868747291,5.445733,3.355108,0.232,0.131,0.116,0.068,0.163,0.521,10.9,94.34
Kerry Kittles,2004-05,2,Cluster 2,2.2924067069045284,2.37505,3.8544874,0.153,0.13,0.067,0.004,0.132,0.446,6.7,92.14
Marc Jackson,2004-05,3,Cluster 3,2.546073418129344,4.817611,3.4540284,0.223,0.074,0.102,0.092,0.113,0.548,11.9,97.59
Keith McLeod,2004-05,0,Cluster 0,1.1766588754545009,-0.4348684,2.9545655,0.188,0.282,0.044,0.015,0.074,0.44,12.3,90.48
Marcus Fizer,2004-05,3,Cluster 3,1.908218181991108,6.427589,4.2886324,0.21,0.128,0.107,0.035,0.179,0.498,13.6,90.97
Michael Sweetney,2004-05,5,Cluster 5,1.7295412989228904,6.767365,6.0952353,0.197,0.05,0.147,0.118,0.177,0.592,15.4,92.51
Mike Bibby,2004-05,4,Cluster 4,1.0064736453678442,0.13587552,0.6936195,0.234,0.277,0.053,0.025,0.08,0.543,9.3,95.87
Mike Dunleavy,2004-05,2,Cluster 2,1.2485715658247425,3.4003413,2.3200045,0.189,0.127,0.082,0.035,0.131,0.539,10.0,95.73
Mike James,2004-05,4,Cluster 4,0.943843462145435,0.6496217,1.6269623,0.226,0.253,0.056,0.019,0.093,0.534,9.0,92.03
Mike Miller,2004-05,2,Cluster 2,2.186193277929061,2.0113862,2.191352,0.193,0.169,0.069,0.017,0.118,0.614,10.8,91.16
Mikki Moore,2004-05,3,Cluster 3,1.5505487516666332,5.981359,5.0510097,0.162,0.07,0.112,0.092,0.13,0.571,13.8,91.92
Milt Palacio,2004-05,0,Cluster 0,1.2746761824837243,-0.6931642,1.6614759,0.167,0.296,0.045,0.018,0.072,0.507,12.3,93.33
Mo Williams,2004-05,0,Cluster 0,1.6661632412800664,-0.7461237,1.514791,0.197,0.339,0.055,0.022,0.089,0.504,13.2,93.76
Morris Peterson,2004-05,2,Cluster 2,0.7782912358796492,3.070697,2.492736,0.184,0.11,0.069,0.029,0.109,0.543,7.7,95.15
Nazr Mohammed,2004-05,5,Cluster 5,1.2332360682753973,6.99596,5.7583733,0.186,0.029,0.152,0.126,0.18,0.521,12.8,93.23
Ndudi Ebi,2004-05,1,Cluster 1,1.440498167111523,7.643177,4.4861436,0.224,0.033,0.142,0.102,0.185,0.541,10.4,90.39
Nene,2004-05,3,Cluster 3,1.884284454968381,5.335539,4.715724,0.19,0.103,0.125,0.081,0.168,0.551,14.3,96.23
Nick Collison,2004-05,5,Cluster 5,1.4071250844353569,7.1066113,5.5760174,0.15,0.04,0.137,0.113,0.161,0.569,12.4,90.89
Nick Van Exel,2004-05,0,Cluster 0,1.2738138658936227,0.26175714,2.6735685,0.192,0.231,0.05,0.013,0.087,0.494,10.1,91.0
Mark Blount,2004-05,3,Cluster 3,1.7408872273876264,5.309231,4.9185987,0.178,0.098,0.096,0.072,0.118,0.559,16.2,95.04
Obinna Ekezie,2004-05,5,Cluster 5,1.1991405666631187,5.968792,5.4988546,0.165,0.023,0.13,0.1,0.161,0.516,16.1,92.9
Mickael Pietrus,2004-05,2,Cluster 2,1.8025522657089974,3.0121365,1.2327237,0.223,0.105,0.069,0.046,0.092,0.539,12.0,95.95
Nenad Krstic,2004-05,3,Cluster 3,1.3453486135240589,6.101905,4.0776124,0.188,0.067,0.107,0.084,0.131,0.547,12.9,91.07
Michael Ruffin,2004-05,5,Cluster 5,3.3965762854984685,5.304081,6.1320744,0.059,0.074,0.133,0.12,0.148,0.432,18.6,94.72
Maurice Evans,2004-05,2,Cluster 2,1.7551715348816683,3.459585,2.9927478,0.156,0.056,0.081,0.07,0.093,0.511,7.0,95.06
Michael Redd,2004-05,4,Cluster 4,2.078734050183381,1.75285,1.4891236,0.269,0.112,0.056,0.025,0.087,0.536,7.0,93.16
Marko Jaric,2004-05,0,Cluster 0,1.219530988046901,-0.39513057,2.3298054,0.164,0.287,0.053,0.014,0.089,0.5,11.0,91.61
Matt Barnes,2004-05,3,Cluster 3,1.7801360923044371,4.846027,5.152305,0.136,0.113,0.095,0.069,0.123,0.465,16.2,95.3
Matt Carroll,2004-05,2,Cluster 2,2.816454764130125,3.1153169,1.5078022,0.237,0.07,0.068,0.029,0.109,0.517,9.7,99.79
Matt Freije,2004-05,0,Cluster 0,3.044305388375289,-0.6019071,3.9072106,0.157,0.079,0.073,0.037,0.114,0.356,10.1,90.29
Matt Harpring,2004-05,3,Cluster 3,1.8111595370499864,6.2346654,3.7746322,0.198,0.097,0.102,0.081,0.125,0.549,10.5,90.7
Matt Bonner,2004-05,2,Cluster 2,2.1991725923522325,4.0886135,3.814315,0.153,0.054,0.093,0.069,0.118,0.596,6.9,94.8
Marquis Daniels,2004-05,2,Cluster 2,1.8008789530216558,4.255901,2.5757346,0.199,0.153,0.075,0.06,0.092,0.484,11.1,95.35
Mehmet Okur,2004-05,1,Cluster 1,1.1905363017659982,7.740184,4.399087,0.208,0.132,0.144,0.088,0.202,0.569,11.4,90.83
Melvin Ely,2004-05,3,Cluster 3,1.3203095531934452,5.6829767,4.390193,0.198,0.078,0.1,0.083,0.117,0.465,14.2,93.08
Metta World Peace,2004-05,4,Cluster 4,2.06584081407383,2.158941,1.3586254,0.254,0.164,0.084,0.032,0.129,0.608,9.4,92.49
Michael Finley,2004-05,2,Cluster 2,1.5452095025003831,2.7849267,2.289088,0.192,0.111,0.056,0.02,0.088,0.519,5.0,94.47
Michael Olowokandi,2004-05,5,Cluster 5,1.3475138695264781,6.549074,5.175796,0.17,0.038,0.135,0.089,0.18,0.48,14.2,90.96
Maurice Taylor,2004-05,3,Cluster 3,1.6692841884432026,6.378667,4.3259263,0.204,0.091,0.101,0.054,0.147,0.48,14.4,90.09
Michael Curry,2003-04,0,Cluster 0,2.924341633423755,-0.55001265,3.7194276,0.108,0.083,0.037,0.019,0.053,0.46,14.9,88.54
Mateen Cleaves,2003-04,0,Cluster 0,3.2366019840736473,-0.7429585,3.5475621,0.137,0.257,0.039,0.011,0.069,0.314,10.4,94.84
Mark Madsen,2003-04,3,Cluster 3,2.03320836515282,4.8512793,5.8770137,0.112,0.034,0.11,0.107,0.112,0.506,14.2,91.11
Kevin Ollie,2003-04,0,Cluster 0,1.539978597470105,-0.5915468,2.3112133,0.134,0.276,0.06,0.017,0.103,0.51,12.5,91.56
Lamond Murray,2003-04,0,Cluster 0,3.295836237567819,6.5812836,4.0635166,0.243,0.121,0.09,0.027,0.157,0.428,12.8,87.93
Lindsey Hunter,2003-04,0,Cluster 0,1.6273135890871104,-0.7976455,3.4969196,0.125,0.216,0.052,0.021,0.081,0.399,12.8,92.91
Linton Johnson,2003-04,3,Cluster 3,2.6454508667415806,4.644697,4.9803786,0.15,0.065,0.115,0.07,0.166,0.394,13.1,96.24
Marcus Banks,2003-04,0,Cluster 0,2.125525749033348,-1.1122719,1.1258615,0.2,0.226,0.049,0.023,0.073,0.48,15.6,96.64
T.J. Ford,2003-04,0,Cluster 0,1.9176483331997505,-1.0149617,1.7371343,0.174,0.375,0.059,0.024,0.094,0.443,14.8,93.34
Vin Baker,2003-04,3,Cluster 3,1.1966444914490468,5.8713126,3.8384726,0.199,0.09,0.108,0.089,0.126,0.53,12.0,92.73
Vitaly Potapenko,2003-04,3,Cluster 3,1.2546303144142623,6.202272,4.2591314,0.173,0.061,0.109,0.075,0.143,0.511,13.3,90.13
Vlade Divac,2003-04,3,Cluster 3,2.1853034060789276,-0.5368832,2.056147,0.187,0.273,0.105,0.063,0.144,0.511,12.5,94.61
Walter McCarty,2003-04,2,Cluster 2,1.6985854066007047,3.5527503,1.6735804,0.154,0.109,0.064,0.016,0.109,0.541,11.8,96.5
Steve Blake,2003-04,0,Cluster 0,2.151806530382961,-1.1018375,1.3083093,0.178,0.26,0.042,0.013,0.074,0.509,16.5,95.33
Rick Fox,2003-04,0,Cluster 0,1.51257836055179,-0.96370906,3.2060678,0.131,0.161,0.061,0.035,0.086,0.459,13.9,93.96
Rod Strickland,2003-04,0,Cluster 0,1.3656317249307357,-0.76221764,1.7591437,0.179,0.326,0.065,0.028,0.105,0.482,11.7,93.33
Ronald Dupree,2003-04,3,Cluster 3,2.0337804230665353,4.1388097,2.8577638,0.181,0.103,0.088,0.056,0.122,0.445,11.7,96.4
Scottie Pippen,2003-04,0,Cluster 0,2.018654609788223,4.1355414,2.3062246,0.192,0.226,0.081,0.045,0.12,0.448,12.6,96.21
Slava Medvedenko,2003-04,1,Cluster 1,2.0019331030531724,6.0952425,3.900006,0.199,0.068,0.119,0.1,0.139,0.479,8.4,92.74
Stacey Augmon,2003-04,0,Cluster 0,1.6477370084298864,-0.19045478,3.9698367,0.155,0.106,0.063,0.037,0.089,0.486,13.4,91.93
Chris Crawford,2003-04,2,Cluster 2,1.0812193459811137,3.3865893,2.4883192,0.211,0.068,0.074,0.048,0.102,0.544,8.8,94.46
Calvin Booth,2003-04,3,Cluster 3,1.2262856046563235,4.6304917,4.6070023,0.142,0.037,0.115,0.071,0.156,0.521,11.1,93.64
Clar. Weatherspoon,2003-04,3,Cluster 3,1.5493262222185382,6.9549637,5.3296356,0.148,0.063,0.123,0.092,0.153,0.538,11.4,91.24
Corie Blount,2003-04,3,Cluster 3,1.8358872849114392,6.2442417,5.789575,0.132,0.084,0.132,0.096,0.168,0.462,11.8,94.13
Derrick Coleman,2003-04,3,Cluster 3,2.0666254463634157,6.4407296,4.6260953,0.189,0.095,0.124,0.058,0.19,0.471,14.6,89.82
Dajuan Wagner,2003-04,0,Cluster 0,1.9838516228402436,0.7958202,3.3423269,0.23,0.131,0.039,0.012,0.068,0.439,9.8,91.65
Curtis Borchardt,2003-04,3,Cluster 3,2.4637214989167386,5.4467053,5.199117,0.144,0.097,0.119,0.057,0.18,0.454,18.6,92.0
Anthony Carter,2003-04,0,Cluster 0,4.547409062644298,-1.2036346,1.9880038,0.247,0.279,0.055,0.022,0.085,0.297,19.7,95.21
Andrew DeClercq,2003-04,5,Cluster 5,1.6387949645345237,5.4339943,6.1103277,0.101,0.054,0.132,0.108,0.158,0.526,17.0,92.81
Alvin Williams,2003-04,0,Cluster 0,1.83186300345105,-0.08662124,2.8335373,0.168,0.237,0.044,0.011,0.078,0.463,9.3,88.97
Aaron Williams,2003-04,3,Cluster 3,1.2246891008330858,5.8984485,5.089534,0.171,0.109,0.114,0.078,0.151,0.549,15.3,92.44
Anthony Peeler,2003-04,2,Cluster 2,2.1020068144261663,3.5244446,1.5131747,0.143,0.139,0.054,0.022,0.085,0.575,13.5,94.39
Bo Outlaw,2003-04,3,Cluster 3,1.083164468213874,4.533887,5.6458273,0.121,0.093,0.105,0.077,0.133,0.522,13.2,92.28
Jason Collier,2003-04,3,Cluster 3,1.4756773584075373,4.9739366,3.8416998,0.189,0.051,0.103,0.068,0.138,0.558,12.4,95.17
Jannero Pargo,2003-04,4,Cluster 4,2.544269024634319,-0.92816436,0.9590912,0.232,0.268,0.038,0.016,0.061,0.491,14.3,97.87
Jamal Mashburn,2003-04,4,Cluster 4,2.9131412661277523,1.5322804,1.429583,0.289,0.123,0.079,0.026,0.13,0.457,7.2,91.6
Dion Glover,2003-04,0,Cluster 0,1.7993515765471921,4.8431625,2.8039837,0.208,0.138,0.081,0.036,0.125,0.471,11.5,93.1
Karl Malone,2003-04,1,Cluster 1,2.536888907900975,5.363724,4.285216,0.192,0.185,0.131,0.046,0.209,0.555,13.5,96.83
Kedrick Brown,2003-04,2,Cluster 2,1.1721900653387034,2.333003,3.2283494,0.137,0.106,0.075,0.043,0.107,0.543,8.1,92.37
Eddie Robinson,2003-04,2,Cluster 2,1.2274473982652467,2.6957715,3.3075736,0.168,0.097,0.05,0.026,0.074,0.497,10.0,94.89
Eddie House,2003-04,0,Cluster 0,1.3296671631031667,-0.2277255,3.5534825,0.198,0.228,0.059,0.023,0.098,0.436,9.3,92.87
Doug Overton,2003-04,0,Cluster 0,1.1914091247872731,-0.7514542,3.4348586,0.135,0.215,0.042,0.016,0.067,0.433,12.8,91.7
Jake Voskuhl,2003-04,3,Cluster 3,1.9249735878360872,5.3603907,5.7629304,0.128,0.053,0.108,0.076,0.141,0.577,15.0,95.15
Horace Grant,2003-04,3,Cluster 3,2.4058912794092073,3.9359527,4.5726523,0.113,0.098,0.108,0.07,0.151,0.45,8.3,92.33
Greg Ostertag,2003-04,5,Cluster 5,1.7139755932447656,7.073626,5.3346124,0.133,0.096,0.143,0.11,0.176,0.506,13.3,88.5
Gary Trent,2003-04,3,Cluster 3,1.0458558998752698,5.962465,4.030473,0.187,0.081,0.108,0.084,0.131,0.515,11.5,92.03
Ervin Johnson,2002-03,5,Cluster 5,2.1625418222064114,5.207306,6.108193,0.075,0.03,0.128,0.104,0.151,0.492,16.0,90.94
Glen Rice,2002-03,2,Cluster 2,1.6943175660526446,1.7338725,2.9282718,0.162,0.075,0.051,0.019,0.081,0.563,9.0,90.34
Eric Piatkowski,2002-03,2,Cluster 2,1.4331321556233778,2.4774256,2.3147683,0.178,0.087,0.058,0.033,0.081,0.601,9.0,93.61
Greg Foster,2002-03,3,Cluster 3,2.225073047687215,4.7665257,5.2817435,0.14,0.043,0.098,0.053,0.152,0.445,16.8,90.48
Donnell Harvey,2002-03,3,Cluster 3,1.742989774630346,6.4445243,4.8300285,0.207,0.125,0.13,0.076,0.187,0.486,14.4,92.15
Elden Campbell,2002-03,1,Cluster 1,2.023254657528015,6.510351,4.030211,0.225,0.111,0.108,0.058,0.155,0.483,11.0,89.73
Jelani McCoy,2002-03,5,Cluster 5,1.6879148513501578,6.2871137,5.1048374,0.181,0.058,0.13,0.068,0.195,0.507,16.3,92.19
Jay Williams,2002-03,0,Cluster 0,2.0253264292023787,-0.95388997,1.0756838,0.206,0.297,0.049,0.014,0.083,0.472,13.4,96.75
John Crotty,2002-03,0,Cluster 0,1.7230900691737343,-0.68566185,2.9884133,0.141,0.322,0.04,0.006,0.073,0.431,10.5,91.32
John Stockton,2002-03,4,Cluster 4,2.768712545892021,-0.21809953,1.6058313,0.185,0.444,0.048,0.025,0.069,0.577,11.5,91.63
Jonathan Bender,2002-03,2,Cluster 2,1.1309817533219344,4.0559816,3.033012,0.179,0.089,0.079,0.05,0.108,0.521,11.2,93.88
J.R. Bremer,2002-03,2,Cluster 2,1.469741032290047,0.884891,2.4726677,0.178,0.19,0.049,0.012,0.088,0.515,8.0,91.77
Jake Tsakalidis,2002-03,3,Cluster 3,0.9973505039886533,5.218205,5.423742,0.151,0.038,0.111,0.081,0.143,0.501,13.0,94.65
Jason Caffey,2002-03,3,Cluster 3,0.833348920900304,5.8193383,4.47552,0.179,0.069,0.101,0.08,0.121,0.501,14.4,92.32
Arvydas Sabonis,2002-03,1,Cluster 1,1.3887132943016585,7.743372,4.5115457,0.191,0.185,0.149,0.079,0.217,0.549,11.5,92.57
Bimbo Coles,2002-03,0,Cluster 0,1.688782726938178,-0.6215176,3.5173154,0.138,0.181,0.042,0.015,0.071,0.413,9.8,91.68
Anthony Mason,2002-03,3,Cluster 3,1.820415935185892,3.9908314,4.9961486,0.116,0.15,0.104,0.045,0.162,0.524,10.8,92.19
Adrian Griffin,2002-03,3,Cluster 3,2.1560340164522644,3.5813363,3.325892,0.129,0.111,0.096,0.063,0.129,0.463,9.3,95.75
Bryon Russell,2002-03,3,Cluster 3,2.027504085900638,3.4588296,4.859939,0.13,0.089,0.078,0.031,0.126,0.468,11.9,90.78
Damone Brown,2002-03,0,Cluster 0,2.724581234181778,-0.6273428,3.9048975,0.173,0.051,0.06,0.027,0.088,0.363,12.6,92.06
Courtney Alexander,2002-03,0,Cluster 0,1.929484883408488,0.8887841,3.3667445,0.209,0.105,0.044,0.028,0.059,0.459,9.5,92.33
David Robinson,2002-03,5,Cluster 5,0.8194170216646817,7.150218,5.7030754,0.166,0.057,0.155,0.107,0.198,0.531,12.6,91.51
Corey Benjamin,2002-03,3,Cluster 3,2.921650398824571,3.6043203,3.273582,0.159,0.122,0.094,0.059,0.13,0.4,9.1,96.32
Chris Whitney,2002-03,0,Cluster 0,1.324876374757945,-0.7678474,1.2004962,0.187,0.245,0.032,0.003,0.066,0.468,11.9,94.83
Cherokee Parks,2002-03,3,Cluster 3,2.0375293586328893,4.030658,4.4226465,0.139,0.055,0.106,0.071,0.146,0.523,8.2,91.63
Shawn Bradley,2002-03,5,Cluster 5,2.044134131235728,5.8027062,5.761138,0.135,0.047,0.137,0.088,0.184,0.601,11.7,94.15
Shawn Kemp,2002-03,5,Cluster 5,1.9197736502289682,6.1627355,5.817199,0.185,0.055,0.141,0.088,0.198,0.468,14.0,95.1
Smush Parker,2002-03,0,Cluster 0,3.8700166991449123,-1.0891731,1.0498194,0.197,0.239,0.054,0.025,0.084,0.523,19.4,99.17
Sean Rooks,2002-03,3,Cluster 3,1.690894176073819,4.1042705,5.230108,0.13,0.085,0.081,0.039,0.125,0.46,14.4,93.02
Steven Smith,2002-03,2,Cluster 2,1.0469714649937345,1.3868535,2.9120057,0.167,0.114,0.048,0.021,0.073,0.528,9.5,92.36
Shammond Williams,2002-03,0,Cluster 0,1.4996142470037739,-0.6855704,1.000848,0.172,0.252,0.044,0.012,0.079,0.503,11.4,95.32
Robert Pack,2002-03,0,Cluster 0,1.5669963503949955,-1.0341669,1.6034788,0.199,0.333,0.059,0.025,0.093,0.473,14.6,93.2
Scott Padgett,2002-03,3,Cluster 3,0.9069661549405271,5.6560807,3.948121,0.181,0.113,0.107,0.066,0.146,0.496,11.2,92.85
Rodney White,2002-03,0,Cluster 0,2.2564186095611953,5.017218,2.6135283,0.236,0.156,0.068,0.026,0.112,0.469,16.1,94.08
Ryan Bowen,2002-03,3,Cluster 3,1.8296452109940522,4.340782,5.495195,0.112,0.09,0.08,0.075,0.087,0.519,13.8,92.03
Samaki Walker,2002-03,5,Cluster 5,1.5446959253865846,6.353323,5.7372527,0.136,0.08,0.144,0.089,0.199,0.465,12.8,92.95
Vincent Yarbrough,2002-03,0,Cluster 0,0.9758441783332961,-0.4299037,3.774339,0.172,0.16,0.061,0.025,0.102,0.446,12.2,93.3
Vladimir Stepania,2002-03,5,Cluster 5,2.673020185047559,7.511823,5.377614,0.161,0.03,0.171,0.126,0.221,0.454,11.9,87.71
Walt Williams,2002-03,2,Cluster 2,1.5740105448825834,3.2553265,2.9236748,0.152,0.077,0.087,0.044,0.129,0.5,7.7,95.63
Tyrone Hill,2002-03,5,Cluster 5,1.8780454793178858,6.093248,5.843545,0.131,0.049,0.147,0.089,0.211,0.457,15.1,94.64
Tremaine Fowlkes,2002-03,3,Cluster 3,1.59875878891679,4.186601,3.853011,0.137,0.06,0.093,0.075,0.112,0.533,10.2,94.09
Todd MacCulloch,2002-03,1,Cluster 1,1.5214146681985428,4.6502686,4.2926893,0.171,0.04,0.124,0.083,0.167,0.548,10.7,93.71
Mamadou N'diaye,2002-03,3,Cluster 3,1.0385315108341966,5.1367245,5.5060267,0.162,0.031,0.107,0.073,0.145,0.514,14.5,94.75
Malik Allen,2002-03,3,Cluster 3,1.7685873307409348,6.300271,4.2404003,0.195,0.042,0.095,0.058,0.135,0.455,12.5,90.37
Mark Jackson,2002-03,0,Cluster 0,2.739970461523965,-0.96074176,1.7761034,0.17,0.437,0.063,0.025,0.097,0.473,16.3,92.1
Keon Clark,2002-03,3,Cluster 3,1.429776667526947,5.2117944,5.466159,0.15,0.07,0.119,0.078,0.155,0.528,13.8,96.01
Nikoloz Tskitishvili,2002-03,0,Cluster 0,2.6363480717847243,-0.7946653,3.8102028,0.165,0.113,0.068,0.045,0.093,0.374,14.1,95.51
Pat Garrity,2002-03,2,Cluster 2,1.1953071743521844,2.9789639,2.5027182,0.148,0.073,0.06,0.028,0.094,0.551,7.8,95.48
Moochie Norris,2002-03,0,Cluster 0,1.3275218770415254,-0.4308221,3.071896,0.157,0.239,0.06,0.029,0.089,0.47,13.0,89.55
Mike Wilks,2002-03,0,Cluster 0,1.4994651953620675,-0.62521875,3.435861,0.134,0.22,0.054,0.031,0.075,0.436,9.7,91.27
Mike Batiste,2002-03,3,Cluster 3,1.4541799132688933,5.15914,3.2510502,0.205,0.074,0.106,0.067,0.147,0.476,11.0,94.46
Michael Jordan,2002-03,4,Cluster 4,2.6807210778678745,1.4116118,1.3829396,0.284,0.207,0.086,0.025,0.147,0.491,8.0,89.65
Michael Bradley,2002-03,5,Cluster 5,1.06655054682609,6.609549,5.894993,0.143,0.083,0.161,0.121,0.206,0.492,15.6,92.27
