PLAYER_NAME,USG_PCT,AST_PCT,REB_PCT,OREB_PCT,DREB_PCT,TS_PCT,E_TOV_PCT,PACE,MIN_TOTAL,GP,CLUSTER,ARCHETYPE,DIST_TO_CENTROID
Aaron McKie,0.09500000000000001,0.15033333333333335,0.074,0.021666666666666667,0.12666666666666668,0.444,9.933333333333334,93.33999999999999,3365.6000000000004,157,0,3-and-D / Role Player,2.0878987180008974
Aaron Williams,0.1446666666666667,0.06466666666666666,0.11233333333333334,0.07266666666666667,0.15433333333333332,0.5393333333333333,15.066666666666668,93.07666666666667,2442.0,162,3,Glass Anchor / Traditional Center,1.1660827423600941
Adonal Foyle,0.112,0.042,0.12633333333333333,0.08766666666666667,0.16566666666666666,0.503,14.1,93.48666666666668,4101.7,199,3,Glass Anchor / Traditional Center,0.9684481846213185
Adrian Griffin,0.10733333333333334,0.12433333333333334,0.09433333333333334,0.04933333333333333,0.138,0.40599999999999997,10.533333333333333,93.82666666666667,2019.9,140,0,3-and-D / Role Player,2.529119304493247
Al Harrington,0.23933333333333331,0.13666666666666666,0.103,0.059000000000000004,0.15033333333333335,0.5116666666666667,12.1,90.78000000000002,7770.299999999999,221,1,Scoring Big / Power Forward,1.4961270642946254
Al Jefferson,0.2105,0.0485,0.1495,0.1095,0.188,0.542,12.2,93.96,2105.7,130,3,Glass Anchor / Traditional Center,1.9940263245130663
Alan Henderson,0.1366666666666667,0.039,0.14366666666666666,0.143,0.146,0.537,13.6,93.16666666666667,1791.6,135,3,Glass Anchor / Traditional Center,1.9234305910963678
Allan Houston,0.22549999999999998,0.114,0.029,0.01,0.0475,0.534,8.45,92.22,2329.0,70,2,Ball-Dominant Playmaker,2.180340244406174
Allen Iverson,0.3443333333333333,0.33899999999999997,0.043000000000000003,0.016,0.07,0.5176666666666666,10.233333333333333,94.96,8320.5,195,2,Ball-Dominant Playmaker,3.498301236857535
Alonzo Mourning,0.19733333333333336,0.04633333333333333,0.11433333333333333,0.07366666666666667,0.15133333333333335,0.5626666666666668,13.866666666666667,92.01333333333332,2219.0,114,1,Scoring Big / Power Forward,1.3471530425837506
Alvin Williams,0.17099999999999999,0.1185,0.022,0.0055,0.17550000000000002,0.29600000000000004,4.65,97.41,1745.8,57,0,3-and-D / Role Player,5.216812558453957
Amar'e Stoudemire,0.27666666666666667,0.06933333333333334,0.13066666666666668,0.08833333333333333,0.17200000000000001,0.5243333333333333,8.6,96.96333333333332,4962.4,138,1,Scoring Big / Power Forward,2.8380567448121004
Anderson Varejao,0.1365,0.045,0.152,0.1105,0.197,0.5375000000000001,9.75,93.155,1627.8000000000002,102,3,Glass Anchor / Traditional Center,1.8889483468614152
Andre Barrett,0.16499999999999998,0.2535,0.041999999999999996,0.025500000000000002,0.06,0.42200000000000004,10.15,95.83500000000001,761.9000000000001,57,0,3-and-D / Role Player,2.494193807362915
Andre Iguodala,0.136,0.1325,0.08399999999999999,0.036500000000000005,0.1305,0.589,12.899999999999999,96.14,5764.6,164,0,3-and-D / Role Player,2.522730871144348
Andre Miller,0.19999999999999998,0.31766666666666665,0.06266666666666666,0.03866666666666666,0.08566666666666667,0.538,12.233333333333334,95.03666666666668,8626.4,246,2,Ball-Dominant Playmaker,1.7343891273913132
Andrei Kirilenko,0.21133333333333335,0.17733333333333334,0.11166666666666668,0.07433333333333333,0.14833333333333334,0.5713333333333334,13.1,89.16000000000001,6863.7,188,1,Scoring Big / Power Forward,2.2643481739744074
Andres Nocioni,0.201,0.101,0.10650000000000001,0.0375,0.176,0.5255,12.149999999999999,95.61,4134.0,163,1,Scoring Big / Power Forward,1.7286346066993723
Andrew Bogut,0.157,0.133,0.129,0.084,0.176,0.555,12.4,92.86,2345.2000000000003,82,3,Glass Anchor / Traditional Center,1.449881605098064
Andrew DeClercq,0.098,0.027,0.1155,0.11449999999999999,0.114,0.481,12.9,95.23,1257.4,79,3,Glass Anchor / Traditional Center,2.415618569121986
Andris Biedrins,0.11599999999999999,0.042499999999999996,0.144,0.1185,0.16949999999999998,0.5825,11.2,95.345,1380.6,98,3,Glass Anchor / Traditional Center,2.5541203958578707
Anfernee Hardaway,0.16,0.152,0.068,0.018333333333333333,0.11433333333333333,0.42933333333333334,14.566666666666668,94.07000000000001,3064.6,117,0,3-and-D / Role Player,1.8666433930310409
Antawn Jamison,0.22333333333333336,0.077,0.10766666666666667,0.067,0.15066666666666667,0.535,7.1000000000000005,95.36666666666667,8277.4,232,1,Scoring Big / Power Forward,1.7971300224970992
Anthony Carter,0.19000000000000003,0.3036666666666667,0.05266666666666667,0.018666666666666665,0.085,0.4053333333333333,15.866666666666665,93.02999999999999,1389.3000000000002,116,2,Ball-Dominant Playmaker,2.752478188712657
Anthony Johnson,0.16566666666666666,0.27299999999999996,0.04699999999999999,0.018333333333333333,0.07433333333333333,0.5143333333333334,10.433333333333334,89.71999999999998,5343.7,211,2,Ball-Dominant Playmaker,1.7870333048078395
Anthony Peeler,0.148,0.1595,0.056999999999999995,0.023,0.094,0.5295,12.5,94.86500000000001,1908.0,115,0,3-and-D / Role Player,1.2013206934705165
Antoine Walker,0.2353333333333333,0.16233333333333333,0.11233333333333334,0.058666666666666666,0.16766666666666666,0.4923333333333333,11.800000000000002,94.26666666666667,7999.3,241,1,Scoring Big / Power Forward,1.5644134206685187
Antonio Burks,0.16599999999999998,0.246,0.0325,0.006500000000000001,0.058499999999999996,0.4505,12.3,90.99000000000001,788.4,81,2,Ball-Dominant Playmaker,2.008052135479906
Antonio Daniels,0.16633333333333333,0.26033333333333336,0.044000000000000004,0.011666666666666667,0.076,0.5676666666666667,7.466666666666666,92.38,5817.3,226,2,Ball-Dominant Playmaker,2.0062614831499275
Antonio Davis,0.14366666666666666,0.06633333333333334,0.12033333333333333,0.08533333333333333,0.157,0.48666666666666664,14.300000000000002,91.92333333333333,5360.8,196,3,Glass Anchor / Traditional Center,0.7231777852883587
Antonio McDyess,0.18466666666666667,0.076,0.13833333333333334,0.09100000000000001,0.18566666666666665,0.516,11.766666666666666,90.56333333333333,4460.2,201,3,Glass Anchor / Traditional Center,1.564551587022494
Austin Croshere,0.17133333333333334,0.09466666666666668,0.11866666666666666,0.06066666666666667,0.17500000000000002,0.566,11.9,90.99000000000001,4022.2,200,1,Scoring Big / Power Forward,1.5408299983570828
Baron Davis,0.2753333333333334,0.38866666666666666,0.05499999999999999,0.021666666666666667,0.09066666666666667,0.49866666666666665,9.666666666666666,93.11,6240.1,167,2,Ball-Dominant Playmaker,2.381520106285138
Ben Gordon,0.276,0.1675,0.0475,0.022,0.07150000000000001,0.5285,11.399999999999999,94.89500000000001,4489.0,162,2,Ball-Dominant Playmaker,2.1316160204295036
Ben Wallace,0.13766666666666666,0.077,0.16733333333333333,0.10933333333333334,0.22466666666666668,0.467,9.866666666666667,89.00333333333333,8619.6,237,3,Glass Anchor / Traditional Center,2.917541571266479
Beno Udrih,0.22,0.253,0.042499999999999996,0.0235,0.0605,0.544,12.5,91.82,1740.5,135,2,Ball-Dominant Playmaker,1.1021557165065072
Bernard Robinson,0.153,0.1325,0.07700000000000001,0.042499999999999996,0.11549999999999999,0.5005,13.45,98.71000000000001,1628.8,97,0,3-and-D / Role Player,2.3380606055657425
Bo Outlaw,0.105,0.08533333333333333,0.11066666666666668,0.08066666666666666,0.1406666666666667,0.5046666666666667,15.066666666666665,92.65333333333335,2185.1,153,3,Glass Anchor / Traditional Center,1.4177626964799348
Bob Sura,0.1805,0.253,0.0955,0.052,0.1375,0.5215000000000001,12.7,92.63,3583.6000000000004,141,2,Ball-Dominant Playmaker,2.067473432638553
Bobby Jackson,0.24966666666666668,0.19033333333333333,0.071,0.037333333333333336,0.105,0.524,8.166666666666666,92.42333333333333,3505.0,146,2,Ball-Dominant Playmaker,1.744850622389798
Bobby Simmons,0.18366666666666664,0.11833333333333333,0.08266666666666667,0.05633333333333334,0.10933333333333334,0.529,10.4,92.42333333333333,6719.5,206,1,Scoring Big / Power Forward,1.4345936849862624
Bonzi Wells,0.24133333333333332,0.127,0.09233333333333334,0.05533333333333334,0.13033333333333333,0.49933333333333335,12.133333333333333,92.28666666666668,5047.2,193,1,Scoring Big / Power Forward,1.42788588049413
Boris Diaw,0.14733333333333332,0.20033333333333334,0.08700000000000001,0.054,0.12033333333333333,0.5086666666666666,15.299999999999999,95.40666666666668,5985.3,223,0,3-and-D / Role Player,2.101706522844556
Bostjan Nachbar,0.17300000000000001,0.09966666666666667,0.068,0.017333333333333333,0.11833333333333333,0.48633333333333334,11.4,91.32000000000001,2350.7999999999997,152,0,3-and-D / Role Player,1.705343633712486
Brad Miller,0.17733333333333334,0.18133333333333335,0.12566666666666668,0.06333333333333334,0.18400000000000002,0.5836666666666667,10.033333333333333,94.78666666666668,7645.4,207,1,Scoring Big / Power Forward,1.9559201114259235
Brendan Haywood,0.15466666666666665,0.04533333333333334,0.12466666666666666,0.10899999999999999,0.141,0.559,13.733333333333334,93.82666666666667,5244.0,224,3,Glass Anchor / Traditional Center,1.54873516641488
Brent Barry,0.15066666666666664,0.205,0.059666666666666666,0.017666666666666667,0.10033333333333333,0.6096666666666667,10.799999999999999,92.87666666666667,4796.8,214,2,Ball-Dominant Playmaker,2.4655509380997693
Brevin Knight,0.17766666666666667,0.4056666666666667,0.049666666666666665,0.012666666666666666,0.09000000000000001,0.48266666666666663,11.066666666666668,94.44,5335.9,191,2,Ball-Dominant Playmaker,2.325350838931021
Brian Cardinal,0.18533333333333335,0.12566666666666668,0.08666666666666667,0.04733333333333334,0.126,0.547,12.466666666666667,90.67666666666666,3469.7999999999997,170,1,Scoring Big / Power Forward,1.684687410067094
Brian Cook,0.17900000000000002,0.07133333333333333,0.10133333333333333,0.05933333333333333,0.14733333333333334,0.535,7.833333333333333,94.75999999999999,3056.5,188,1,Scoring Big / Power Forward,1.6067296115527223
Brian Grant,0.13233333333333333,0.046000000000000006,0.11366666666666665,0.06933333333333333,0.158,0.49533333333333335,10.666666666666666,93.33,3696.0000000000005,166,3,Glass Anchor / Traditional Center,1.5207774234070417
Brian Scalabrine,0.14633333333333334,0.11499999999999999,0.09033333333333333,0.050333333333333334,0.13,0.48033333333333333,13.566666666666668,92.50333333333333,3021.3,194,0,3-and-D / Role Player,1.7619084171122952
Brian Skinner,0.14166666666666666,0.05833333333333333,0.134,0.08900000000000001,0.17966666666666667,0.508,13.633333333333333,93.96333333333332,3467.4,170,3,Glass Anchor / Traditional Center,0.7181916735661505
Bruce Bowen,0.11633333333333333,0.07,0.05533333333333334,0.017333333333333333,0.09133333333333334,0.5243333333333333,9.166666666666666,89.77333333333333,8003.200000000001,246,0,3-and-D / Role Player,2.796809208836588
Bryon Russell,0.09433333333333334,0.19000000000000003,0.05333333333333334,0.026333333333333334,0.08233333333333333,0.35566666666666674,6.2,101.49000000000001,1967.6,143,0,3-and-D / Role Player,5.023607063753478
Calbert Cheaney,0.143,0.10066666666666667,0.065,0.037,0.09566666666666668,0.44966666666666666,10.299999999999999,93.79333333333334,3457.3,176,0,3-and-D / Role Player,1.0639006367226422
Calvin Booth,0.12633333333333333,0.04733333333333333,0.11266666666666668,0.07066666666666667,0.15466666666666665,0.49333333333333335,11.133333333333333,95.25333333333333,1904.6,155,3,Glass Anchor / Traditional Center,1.919092656064331
Carlos Arroyo,0.20633333333333334,0.327,0.04766666666666667,0.02266666666666667,0.07333333333333333,0.49833333333333335,11.466666666666667,90.22000000000001,4637.7,218,2,Ball-Dominant Playmaker,1.590491622574033
Carlos Boozer,0.223,0.133,0.15166666666666664,0.08333333333333333,0.221,0.5706666666666667,11.299999999999999,92.48,5401.2,159,1,Scoring Big / Power Forward,2.1879734935492596
Carlos Delfino,0.17049999999999998,0.1215,0.07200000000000001,0.034,0.1125,0.45699999999999996,11.25,92.08500000000001,1189.6,98,0,3-and-D / Role Player,1.412150370379882
Carmelo Anthony,0.2936666666666667,0.13466666666666668,0.079,0.054,0.103,0.5326666666666666,10.866666666666667,95.86666666666667,8547.0,237,1,Scoring Big / Power Forward,2.766912466226752
Caron Butler,0.205,0.10566666666666667,0.08433333333333333,0.04700000000000001,0.123,0.501,9.9,92.7,7475.1,220,1,Scoring Big / Power Forward,1.4235891991258367
Casey Jacobsen,0.1285,0.093,0.0505,0.0215,0.07899999999999999,0.5625,11.15,94.04,3639.0,162,0,3-and-D / Role Player,1.8476693748186341
Channing Frye,0.233,0.066,0.124,0.089,0.159,0.541,10.9,93.84,1573.0,65,1,Scoring Big / Power Forward,1.1813606414896014
Charlie Bell,0.173,0.165,0.049,0.017,0.083,0.55,6.6,94.5,1280.3,59,0,3-and-D / Role Player,2.078581306929452
Charlie Villanueva,0.213,0.063,0.118,0.08,0.159,0.521,8.3,93.31,2357.1,81,1,Scoring Big / Power Forward,1.2333809110790597
Charlie Ward,0.156,0.246,0.0565,0.013500000000000002,0.099,0.49050000000000005,13.0,92.305,1609.4,85,2,Ball-Dominant Playmaker,1.403095543805871
Chauncey Billups,0.219,0.3193333333333333,0.04833333333333333,0.015333333333333332,0.08066666666666666,0.5870000000000001,9.6,88.83666666666666,8565.1,239,2,Ball-Dominant Playmaker,2.6612596843843317
Chris Andersen,0.14300000000000002,0.05466666666666666,0.14366666666666666,0.09699999999999999,0.19099999999999998,0.543,13.433333333333332,92.45666666666666,3026.2000000000003,170,3,Glass Anchor / Traditional Center,1.0019582992580411
Chris Bosh,0.21633333333333335,0.08633333333333333,0.12266666666666666,0.07466666666666667,0.17233333333333334,0.5483333333333333,10.533333333333333,91.96999999999998,8284.2,226,1,Scoring Big / Power Forward,0.8877646190880872
Chris Crawford,0.211,0.068,0.074,0.048,0.102,0.544,8.8,94.46,1209.6000000000001,56,0,3-and-D / Role Player,1.8451346311241439
Chris Duhon,0.1395,0.2745,0.0505,0.0115,0.0895,0.5045,11.1,94.305,4326.4,156,2,Ball-Dominant Playmaker,1.8170729916343673
Chris Kaman,0.17433333333333334,0.06833333333333334,0.1386666666666667,0.07933333333333333,0.19433333333333333,0.5313333333333333,17.666666666666668,91.80666666666667,6049.599999999999,223,3,Glass Anchor / Traditional Center,1.5935813691307332
Chris Mihm,0.18366666666666664,0.046000000000000006,0.138,0.10633333333333334,0.16866666666666666,0.545,13.733333333333334,93.92,4744.9,210,3,Glass Anchor / Traditional Center,1.3978284157814433
Chris Paul,0.216,0.378,0.074,0.022,0.131,0.546,9.4,92.22,2808.0,78,2,Ball-Dominant Playmaker,2.2178391403009043
Chris Webber,0.283,0.205,0.12766666666666668,0.06033333333333333,0.19400000000000003,0.47,9.366666666666667,95.5,6099.4,165,1,Scoring Big / Power Forward,3.0396707580964297
Chris Wilcox,0.19099999999999998,0.063,0.12433333333333334,0.081,0.16633333333333333,0.5683333333333334,13.0,93.38666666666666,3875.7,196,1,Scoring Big / Power Forward,1.2951053175506309
Christian Laettner,0.146,0.123,0.10300000000000001,0.051500000000000004,0.1535,0.565,10.350000000000001,94.245,1723.9,97,1,Scoring Big / Power Forward,1.7324013355139678
Chucky Atkins,0.18466666666666667,0.21833333333333335,0.03333333333333333,0.010333333333333333,0.05566666666666666,0.5316666666666667,10.1,92.45666666666666,6158.1,217,2,Ball-Dominant Playmaker,1.2384472180184576
Clar. Weatherspoon,0.1405,0.056999999999999995,0.123,0.08399999999999999,0.159,0.5065,10.350000000000001,90.62,1397.6,92,3,Glass Anchor / Traditional Center,1.6227698910547292
Clifford Robinson,0.16933333333333334,0.11566666666666665,0.06466666666666666,0.026,0.104,0.482,9.9,93.17666666666666,6406.3,233,0,3-and-D / Role Player,0.7780280667922754
Corey Maggette,0.26366666666666666,0.147,0.08633333333333333,0.03366666666666667,0.13433333333333333,0.5813333333333333,11.966666666666667,93.97333333333331,6020.6,171,1,Scoring Big / Power Forward,2.0454697817776855
Corie Blount,0.132,0.084,0.132,0.096,0.168,0.462,11.8,94.13,1041.6000000000001,62,3,Glass Anchor / Traditional Center,1.4578799195563683
Corliss Williamson,0.21633333333333335,0.07666666666666666,0.08766666666666667,0.064,0.10933333333333332,0.5293333333333333,13.700000000000001,93.85666666666667,3468.3,188,1,Scoring Big / Power Forward,1.5241894341263293
Curtis Borchardt,0.14,0.0965,0.13,0.079,0.184,0.473,17.85,90.65,1115.2,83,3,Glass Anchor / Traditional Center,1.8157347569177442
Cuttino Mobley,0.20099999999999998,0.13166666666666668,0.055,0.016999999999999998,0.09000000000000001,0.5363333333333333,10.200000000000001,93.06333333333333,8606.1,225,2,Ball-Dominant Playmaker,1.4592933976723061
Dahntay Jones,0.18166666666666667,0.09066666666666667,0.062,0.027999999999999997,0.09699999999999999,0.43566666666666665,12.733333333333334,92.51666666666667,1764.4,143,0,3-and-D / Role Player,1.676993570955805
Dajuan Wagner,0.2605,0.1755,0.025,0.006,0.046,0.4135,10.600000000000001,92.96000000000001,810.7,55,2,Ball-Dominant Playmaker,2.774172540150331
Dale Davis,0.10166666666666667,0.05933333333333333,0.13999999999999999,0.109,0.17266666666666666,0.48066666666666663,10.233333333333333,91.02,3169.0,165,3,Glass Anchor / Traditional Center,1.9752321396463157
Damien Wilkins,0.173,0.10250000000000001,0.068,0.055,0.0825,0.5145,9.649999999999999,92.42,2041.4,111,0,3-and-D / Role Player,1.4525439289048574
Damon Jones,0.13866666666666666,0.2293333333333333,0.04033333333333333,0.007,0.073,0.5596666666666666,8.233333333333333,94.33333333333333,6674.799999999999,246,2,Ball-Dominant Playmaker,2.3477517406567037
Damon Stoudamire,0.206,0.27133333333333337,0.05566666666666667,0.022000000000000002,0.08833333333333333,0.5073333333333333,10.0,88.95666666666666,6755.700000000001,190,2,Ball-Dominant Playmaker,1.874925577228833
Dan Dickau,0.18300000000000002,0.256,0.042,0.021333333333333333,0.06333333333333334,0.5163333333333333,14.133333333333335,94.62333333333333,2606.4,133,2,Ball-Dominant Playmaker,1.5676009873987096
Dan Gadzuric,0.16766666666666666,0.037,0.156,0.11599999999999999,0.19833333333333333,0.5433333333333333,10.200000000000001,93.74666666666667,3922.5,230,3,Glass Anchor / Traditional Center,2.03655636793948
Daniel Ewing,0.155,0.145,0.045,0.025,0.063,0.458,13.7,94.06,970.1999999999999,66,0,3-and-D / Role Player,1.563378237219856
Daniel Santiago,0.14150000000000001,0.034,0.099,0.056499999999999995,0.145,0.481,12.7,93.66,811.9,65,3,Glass Anchor / Traditional Center,1.7683669019154995
Danny Fortson,0.16166666666666665,0.014666666666666666,0.17733333333333334,0.15266666666666664,0.20299999999999999,0.6363333333333333,21.266666666666666,92.46,1945.3999999999999,141,3,Glass Anchor / Traditional Center,4.323027836588764
Danny Granger,0.16,0.092,0.11,0.077,0.141,0.54,11.2,93.0,1762.8000000000002,78,1,Scoring Big / Power Forward,1.212167488162223
Darius Miles,0.24033333333333332,0.13033333333333333,0.08333333333333333,0.04033333333333333,0.12233333333333334,0.5016666666666666,13.066666666666668,91.10666666666667,5056.4,182,1,Scoring Big / Power Forward,1.9852011746730307
Darius Songaila,0.17766666666666667,0.09866666666666667,0.10466666666666667,0.07633333333333332,0.13233333333333333,0.5436666666666666,10.766666666666666,94.46,3958.2,216,1,Scoring Big / Power Forward,1.1928102430510592
Darko Milicic,0.20933333333333334,0.08033333333333333,0.10766666666666667,0.048666666666666664,0.161,0.4083333333333334,14.299999999999999,92.46666666666665,1175.9,126,3,Glass Anchor / Traditional Center,2.8498910638443022
Darrell Armstrong,0.165,0.25166666666666665,0.059000000000000004,0.030666666666666665,0.08766666666666667,0.4663333333333333,14.766666666666666,94.3,3853.6,207,2,Ball-Dominant Playmaker,1.9454095874610506
David Harrison,0.1865,0.028999999999999998,0.111,0.078,0.14200000000000002,0.554,17.65,91.345,1792.9,110,3,Glass Anchor / Traditional Center,2.10782990221849
David Lee,0.131,0.062,0.145,0.105,0.184,0.609,13.5,94.4,1125.6000000000001,67,3,Glass Anchor / Traditional Center,2.414191577056521
David Wesley,0.17866666666666667,0.155,0.038,0.013,0.06366666666666666,0.514,9.933333333333332,90.94,7154.299999999999,212,2,Ball-Dominant Playmaker,1.663777428748551
David West,0.18800000000000003,0.09166666666666667,0.13166666666666668,0.08466666666666667,0.18566666666666665,0.5173333333333333,11.799999999999999,91.13,4002.5,175,3,Glass Anchor / Traditional Center,1.4738252804778817
DeSagana Diop,0.10166666666666667,0.06133333333333333,0.12666666666666668,0.09766666666666667,0.15566666666666668,0.399,13.4,91.28666666666668,2533.2,176,3,Glass Anchor / Traditional Center,2.5687897070197256
DeShawn Stevenson,0.19466666666666665,0.10666666666666667,0.05333333333333334,0.030666666666666665,0.07566666666666666,0.47866666666666663,9.933333333333332,93.00333333333333,6174.6,217,0,3-and-D / Role Player,1.2437530637032286
Delonte West,0.1645,0.193,0.0645,0.027999999999999997,0.0985,0.5489999999999999,10.5,95.78,2924.2,110,0,3-and-D / Role Player,1.631344063084767
DerMarr Johnson,0.18333333333333335,0.08733333333333333,0.062,0.024999999999999998,0.09800000000000002,0.5536666666666666,11.366666666666667,94.90000000000002,2426.9,150,0,3-and-D / Role Player,1.4593824833321016
Derek Anderson,0.18866666666666668,0.19000000000000003,0.059,0.019,0.09733333333333333,0.49933333333333335,10.166666666666666,90.02666666666666,4091.5,141,2,Ball-Dominant Playmaker,1.559077102304502
Derek Fisher,0.18899999999999997,0.209,0.043000000000000003,0.015,0.07333333333333333,0.5020000000000001,9.666666666666666,94.53333333333335,6574.200000000001,238,2,Ball-Dominant Playmaker,1.3214198475941203
Deron Williams,0.198,0.274,0.044,0.016,0.073,0.5,10.6,90.51,2304.0,80,2,Ball-Dominant Playmaker,1.2331542978834051
Derrick Coleman,0.17049999999999998,0.0475,0.062,0.059,0.095,0.38249999999999995,13.05,91.37,896.0999999999999,39,0,3-and-D / Role Player,3.01253700948628
Desmond Mason,0.217,0.09499999999999999,0.06733333333333333,0.033,0.10233333333333333,0.5126666666666667,10.6,93.17,7521.799999999999,232,0,3-and-D / Role Player,1.4489140124827886
Devean George,0.162,0.08,0.08700000000000001,0.04533333333333334,0.133,0.488,9.533333333333333,94.27,3799.8,168,0,3-and-D / Role Player,1.2282469317884397
Devin Brown,0.18766666666666665,0.11,0.07966666666666666,0.044000000000000004,0.11699999999999999,0.5116666666666667,11.133333333333333,92.82666666666667,3562.5,206,0,3-and-D / Role Player,1.2531491905949557
Devin Harris,0.1955,0.238,0.047,0.023,0.07100000000000001,0.537,11.65,94.91,2454.8,132,2,Ball-Dominant Playmaker,1.3364453073986797
Dikembe Mutombo,0.11133333333333333,0.015666666666666666,0.16366666666666665,0.11433333333333333,0.21,0.5746666666666667,15.933333333333332,89.63999999999999,3679.1,209,3,Glass Anchor / Traditional Center,2.751167201650854
Dion Glover,0.1925,0.1245,0.0785,0.035500000000000004,0.129,0.472,8.85,91.97,1708.0,76,0,3-and-D / Role Player,1.756760363708537
Dirk Nowitzki,0.27299999999999996,0.13,0.122,0.03466666666666667,0.20633333333333334,0.576,7.5,93.02,9030.8,236,1,Scoring Big / Power Forward,2.53342860309084
Donnell Harvey,0.14950000000000002,0.08499999999999999,0.0515,0.031,0.0715,0.7835000000000001,16.1,93.83000000000001,808.2,63,1,Scoring Big / Power Forward,6.028936348366888
Donyell Marshall,0.18433333333333332,0.06866666666666667,0.131,0.061,0.19966666666666666,0.552,8.200000000000001,92.72666666666667,6715.9,228,1,Scoring Big / Power Forward,1.7174800033825104
Doug Christie,0.126,0.16166666666666665,0.052,0.021333333333333333,0.08066666666666666,0.47700000000000004,13.133333333333333,94.47666666666667,4483.7,141,0,3-and-D / Role Player,1.4044410663459659
Doug Overton,0.135,0.215,0.042,0.016,0.067,0.433,12.8,91.7,1037.0,61,2,Ball-Dominant Playmaker,2.4494907722105066
Drew Gooden,0.208,0.06933333333333333,0.14566666666666667,0.08966666666666667,0.20466666666666666,0.528,10.733333333333334,91.58,6839.0,240,1,Scoring Big / Power Forward,1.9291213178037057
Dwight Howard,0.189,0.0565,0.17099999999999999,0.1095,0.2295,0.568,14.8,93.0,5699.0,164,3,Glass Anchor / Traditional Center,2.40131268236366
Dwyane Wade,0.28733333333333333,0.2853333333333333,0.06866666666666667,0.04,0.09500000000000001,0.556,12.466666666666667,92.37333333333333,8009.9,213,2,Ball-Dominant Playmaker,2.222498636494013
Earl Boykins,0.22066666666666668,0.2773333333333333,0.03233333333333333,0.017333333333333333,0.04866666666666667,0.5146666666666667,8.1,95.88,5543.6,224,2,Ball-Dominant Playmaker,2.234965640404079
Earl Watson,0.19133333333333336,0.345,0.050666666666666665,0.022333333333333334,0.07866666666666666,0.49866666666666665,14.0,92.77333333333333,5067.7,231,2,Ball-Dominant Playmaker,1.5555456263998835
Eddie Gill,0.18266666666666667,0.18533333333333335,0.06066666666666667,0.016333333333333335,0.10266666666666667,0.48333333333333334,14.200000000000001,94.95666666666666,1291.7,136,0,3-and-D / Role Player,1.5051688597297086
Eddie Griffin,0.16999999999999998,0.053000000000000005,0.1475,0.086,0.20350000000000001,0.4355,8.600000000000001,90.53,2849.0,140,3,Glass Anchor / Traditional Center,2.6967756625603365
Eddie House,0.22233333333333336,0.19266666666666668,0.051,0.017333333333333333,0.08633333333333333,0.49099999999999994,7.933333333333334,95.24333333333334,3483.5,209,2,Ball-Dominant Playmaker,1.8786535015825556
Eddie Jones,0.18600000000000003,0.132,0.06266666666666666,0.014666666666666666,0.109,0.5453333333333333,8.1,90.13999999999999,8274.5,236,2,Ball-Dominant Playmaker,2.2973168189903506
Eddie Robinson,0.168,0.097,0.05,0.026,0.074,0.497,10.0,94.89,1025.1000000000001,51,0,3-and-D / Role Player,0.8678555814032481
Eddy Curry,0.248,0.04066666666666666,0.10766666666666667,0.07366666666666667,0.14033333333333334,0.5750000000000001,15.766666666666666,92.66333333333334,5840.0,208,1,Scoring Big / Power Forward,2.034241523453238
Eduardo Najera,0.133,0.063,0.105,0.084,0.12666666666666668,0.48866666666666664,12.200000000000001,96.31666666666666,3348.8,190,3,Glass Anchor / Traditional Center,2.330573306905008
Elden Campbell,0.2185,0.089,0.1255,0.07150000000000001,0.177,0.44899999999999995,14.05,90.66499999999999,1289.0,105,3,Glass Anchor / Traditional Center,2.2880696474781073
Elton Brand,0.25,0.13733333333333334,0.13333333333333333,0.09666666666666668,0.16833333333333333,0.5670000000000001,10.033333333333333,92.71333333333332,8779.1,229,1,Scoring Big / Power Forward,1.7147901362937068
Emeka Okafor,0.2155,0.051000000000000004,0.1525,0.10250000000000001,0.20800000000000002,0.47150000000000003,10.45,93.805,3472.4,99,3,Glass Anchor / Traditional Center,2.3617153585469763
Eric Piatkowski,0.14866666666666667,0.08466666666666667,0.04833333333333333,0.015666666666666666,0.08133333333333333,0.5156666666666666,11.366666666666667,94.33666666666666,1766.2000000000003,146,0,3-and-D / Role Player,1.0975723714320105
Eric Snow,0.128,0.26833333333333337,0.04566666666666667,0.019666666666666666,0.07166666666666667,0.461,12.066666666666668,90.13333333333333,7168.7,245,2,Ball-Dominant Playmaker,2.442891347647362
Eric Williams,0.165,0.09666666666666666,0.07333333333333333,0.033,0.11333333333333334,0.506,10.9,93.29666666666667,3559.8,154,0,3-and-D / Role Player,0.8010189467309548
Erick Dampier,0.156,0.044333333333333336,0.17333333333333334,0.13899999999999998,0.207,0.5613333333333334,16.2,91.16000000000001,5945.0,215,3,Glass Anchor / Traditional Center,2.563121644520107
Erick Strickland,0.194,0.2205,0.058499999999999996,0.017,0.099,0.491,13.7,93.85499999999999,1582.5,105,2,Ball-Dominant Playmaker,1.1828533130533054
Ervin Johnson,0.09866666666666667,0.03333333333333333,0.137,0.08133333333333333,0.18633333333333332,0.5106666666666667,19.333333333333332,91.02999999999999,1460.6,130,3,Glass Anchor / Traditional Center,2.247997642805633
Etan Thomas,0.16033333333333333,0.04,0.13066666666666668,0.08800000000000001,0.17766666666666664,0.5396666666666667,13.433333333333332,94.71333333333332,3995.4,197,3,Glass Anchor / Traditional Center,1.3098906358227966
Flip Murray,0.239,0.16133333333333333,0.048999999999999995,0.018666666666666668,0.07933333333333333,0.4723333333333333,11.033333333333333,91.94,5015.3,207,2,Ball-Dominant Playmaker,1.4607913308827567
Francisco Elson,0.12466666666666666,0.053,0.113,0.06866666666666667,0.15733333333333333,0.516,13.233333333333334,95.08,3389.0,201,3,Glass Anchor / Traditional Center,1.6350994355015556
Francisco Garcia,0.154,0.118,0.072,0.031,0.111,0.51,13.9,94.12,1299.8,67,0,3-and-D / Role Player,1.1230380631697476
Frank Williams,0.17099999999999999,0.28300000000000003,0.0375,0.018,0.0555,0.314,12.0,90.11000000000001,781.4,65,2,Ball-Dominant Playmaker,4.420075770955776
Fred Hoiberg,0.1225,0.0985,0.075,0.02,0.1255,0.6375,6.05,91.7,3062.5,155,1,Scoring Big / Power Forward,3.726655771823199
Fred Jones,0.167,0.17433333333333334,0.049666666666666665,0.014666666666666666,0.08433333333333333,0.5316666666666667,11.533333333333333,90.89999999999999,5606.0,226,2,Ball-Dominant Playmaker,1.5287617298616378
Gary Payton,0.169,0.238,0.053,0.02,0.08466666666666667,0.5283333333333333,9.866666666666667,94.53333333333335,7694.400000000001,240,2,Ball-Dominant Playmaker,1.4184906293794954
Gary Trent,0.187,0.081,0.108,0.084,0.131,0.515,11.5,92.03,1020.0,68,1,Scoring Big / Power Forward,1.1877936997573046
George Lynch,0.126,0.137,0.096,0.057499999999999996,0.137,0.44199999999999995,13.850000000000001,90.065,2625.3999999999996,122,3,Glass Anchor / Traditional Center,2.638937693117092
Gerald Wallace,0.17133333333333334,0.09133333333333334,0.103,0.07066666666666667,0.13933333333333334,0.4883333333333333,10.700000000000001,94.63666666666667,4383.2,162,1,Scoring Big / Power Forward,1.6643830074525168
Gilbert Arenas,0.27566666666666667,0.243,0.05266666666666667,0.022000000000000002,0.08533333333333333,0.5526666666666666,11.633333333333333,95.15666666666668,8732.0,215,2,Ball-Dominant Playmaker,2.1400558017064117
Glenn Robinson,0.263,0.095,0.073,0.03,0.11549999999999999,0.5175000000000001,9.8,92.115,1502.4,51,1,Scoring Big / Power Forward,2.18173869970308
Gordan Giricek,0.21166666666666667,0.12733333333333333,0.052,0.019333333333333334,0.08600000000000001,0.5063333333333334,10.566666666666668,91.23,4651.0,191,2,Ball-Dominant Playmaker,1.5112825716240341
Grant Hill,0.2425,0.1535,0.07050000000000001,0.03,0.1115,0.5585,9.9,94.35,2958.2,88,2,Ball-Dominant Playmaker,2.0459237552508323
Greg Buckner,0.12633333333333333,0.11733333333333333,0.06899999999999999,0.034666666666666665,0.10233333333333333,0.5443333333333333,10.200000000000001,94.83999999999999,3977.9,196,0,3-and-D / Role Player,1.4210106876964028
Greg Ostertag,0.113,0.104,0.14333333333333334,0.103,0.18366666666666664,0.48033333333333333,15.533333333333333,90.95666666666666,3517.2000000000003,194,3,Glass Anchor / Traditional Center,1.5408699613259735
Hedo Turkoglu,0.20666666666666667,0.13899999999999998,0.07333333333333333,0.029666666666666664,0.11533333333333333,0.5419999999999999,9.9,92.77999999999999,6461.8,225,2,Ball-Dominant Playmaker,1.6953085029393355
Horace Grant,0.113,0.098,0.108,0.07,0.151,0.45,8.3,92.33,1111.0,55,3,Glass Anchor / Traditional Center,2.579035664937934
Howard Eisley,0.171,0.301,0.04133333333333333,0.011000000000000001,0.072,0.4613333333333333,11.833333333333334,93.14999999999999,3282.4,173,2,Ball-Dominant Playmaker,1.616293274645652
Ike Diogu,0.204,0.051,0.112,0.089,0.136,0.596,15.1,95.24,1028.1000000000001,69,1,Scoring Big / Power Forward,2.2991461336711456
Ira Newble,0.11533333333333333,0.06766666666666667,0.06733333333333334,0.052333333333333336,0.083,0.4286666666666667,12.333333333333334,93.18666666666667,3428.6,174,0,3-and-D / Role Player,2.0565535816006544
JR Smith,0.2205,0.122,0.0505,0.02,0.0835,0.4965,10.25,90.975,2852.0,131,2,Ball-Dominant Playmaker,1.6902703975080826
Jabari Smith,0.181,0.1165,0.0885,0.052,0.128,0.444,11.45,96.70500000000001,818.5,76,0,3-and-D / Role Player,1.872927046147255
Jackson Vroman,0.1535,0.0685,0.1215,0.0875,0.15899999999999997,0.4425,18.45,92.52,1114.3,87,3,Glass Anchor / Traditional Center,1.9611752855683129
Jacque Vaughn,0.13366666666666668,0.20233333333333334,0.041666666666666664,0.012000000000000002,0.07133333333333335,0.4796666666666667,12.233333333333334,93.28666666666668,3894.5,222,0,3-and-D / Role Player,1.7850744722023357
Jahidi White,0.1745,0.012,0.1365,0.095,0.178,0.482,19.45,94.565,1000.6,79,3,Glass Anchor / Traditional Center,2.1975644364890212
Jake Tsakalidis,0.14933333333333335,0.04833333333333333,0.12933333333333333,0.09100000000000001,0.16766666666666666,0.5686666666666667,13.200000000000001,91.42999999999999,1548.5,122,3,Glass Anchor / Traditional Center,1.4574294737333378
Jake Voskuhl,0.1376666666666667,0.066,0.11333333333333333,0.07666666666666666,0.152,0.525,13.966666666666667,96.68,2774.2,155,3,Glass Anchor / Traditional Center,2.1818753066410173
Jalen Rose,0.231,0.17800000000000002,0.05433333333333334,0.015,0.09499999999999999,0.5283333333333333,11.299999999999999,93.17,7208.1,219,2,Ball-Dominant Playmaker,1.0427530745951754
Jamaal Magloire,0.19833333333333333,0.05566666666666666,0.15766666666666665,0.09933333333333333,0.21933333333333335,0.5083333333333333,16.099999999999998,90.25333333333333,5970.5,187,3,Glass Anchor / Traditional Center,2.1875530388443964
Jamaal Tinsley,0.21466666666666667,0.3473333333333333,0.058666666666666666,0.02466666666666667,0.09233333333333334,0.5056666666666667,13.9,91.79333333333334,3799.3999999999996,134,2,Ball-Dominant Playmaker,1.5633288671944416
Jamal Crawford,0.2273333333333333,0.224,0.04666666666666667,0.013999999999999999,0.08066666666666666,0.517,10.033333333333333,93.29333333333334,8055.7,229,2,Ball-Dominant Playmaker,0.7977288500782281
Jameer Nelson,0.22649999999999998,0.27049999999999996,0.0565,0.0285,0.0845,0.5385,11.65,94.41,3397.2,141,2,Ball-Dominant Playmaker,1.2100065856054831
James Jones,0.16233333333333333,0.04033333333333333,0.04700000000000001,0.01933333333333333,0.07266666666666667,0.48066666666666674,4.833333333333333,94.38333333333333,3115.8,156,0,3-and-D / Role Player,2.3372613077925406
James Posey,0.154,0.08633333333333333,0.08566666666666667,0.030666666666666665,0.1386666666666667,0.5619999999999999,10.733333333333334,92.12,5744.8,199,1,Scoring Big / Power Forward,1.8928323348100993
James Singleton,0.121,0.059,0.139,0.091,0.184,0.587,12.2,93.36,755.2,59,3,Glass Anchor / Traditional Center,1.9419176375729468
Jannero Pargo,0.243,0.283,0.044000000000000004,0.017666666666666667,0.07066666666666667,0.4676666666666667,13.6,97.66000000000001,1572.7,120,2,Ball-Dominant Playmaker,2.9191043469732016
Jared Jeffries,0.1376666666666667,0.104,0.09933333333333333,0.081,0.119,0.4803333333333333,14.200000000000001,95.02,5876.6,236,3,Glass Anchor / Traditional Center,2.045179722296015
Jarrett Jack,0.173,0.249,0.052,0.012,0.093,0.528,12.4,91.25,1595.8,79,2,Ball-Dominant Playmaker,1.173207781634672
Jarron Collins,0.122,0.08833333333333333,0.09899999999999999,0.07166666666666667,0.12766666666666668,0.549,12.200000000000001,89.95333333333333,4423.5,210,3,Glass Anchor / Traditional Center,2.3305439525326683
Jarvis Hayes,0.17966666666666664,0.09066666666666667,0.06866666666666667,0.030333333333333334,0.11033333333333334,0.4766666666666666,9.633333333333333,95.76666666666667,4121.2,145,0,3-and-D / Role Player,0.9856458206903755
Jason Collier,0.20350000000000001,0.043,0.103,0.077,0.131,0.526,12.65,94.525,1491.0,90,1,Scoring Big / Power Forward,1.3533428892063224
Jason Collins,0.10833333333333334,0.07566666666666667,0.09666666666666668,0.06066666666666667,0.133,0.4643333333333333,13.366666666666667,90.96,6662.7,229,3,Glass Anchor / Traditional Center,2.1969303563578197
Jason Hart,0.16066666666666665,0.23266666666666666,0.052333333333333336,0.013666666666666667,0.09100000000000001,0.4916666666666667,10.366666666666667,93.36000000000001,3367.9,193,2,Ball-Dominant Playmaker,1.2626937834322092
Jason Kapono,0.17366666666666666,0.07533333333333332,0.056666666666666664,0.026999999999999996,0.08800000000000001,0.515,8.533333333333333,96.13,2575.7,173,0,3-and-D / Role Player,1.397972447467213
Jason Kidd,0.20833333333333334,0.38633333333333336,0.09766666666666667,0.03466666666666667,0.162,0.5056666666666666,10.533333333333333,92.50999999999999,7890.2,213,2,Ball-Dominant Playmaker,2.7608208246068657
Jason Richardson,0.26466666666666666,0.159,0.07966666666666666,0.03966666666666667,0.12066666666666666,0.52,9.133333333333333,94.17666666666666,8542.2,225,1,Scoring Big / Power Forward,2.1417179627576095
Jason Terry,0.20733333333333334,0.24266666666666667,0.041666666666666664,0.015333333333333332,0.06766666666666667,0.5666666666666667,10.133333333333333,92.52999999999999,8213.2,241,2,Ball-Dominant Playmaker,1.3186736865654716
Jason Williams,0.18433333333333332,0.3126666666666667,0.035333333333333335,0.008666666666666668,0.061,0.5333333333333333,10.066666666666666,93.44,5938.3,202,2,Ball-Dominant Playmaker,1.4883299259071765
Jeff Foster,0.118,0.04933333333333333,0.17600000000000002,0.1376666666666667,0.21433333333333335,0.57,12.299999999999999,90.34666666666668,5137.200000000001,206,3,Glass Anchor / Traditional Center,2.894209839226206
Jeff McInnis,0.17800000000000002,0.24633333333333332,0.041,0.016666666666666666,0.06633333333333334,0.49466666666666664,9.6,91.70333333333333,5519.6,174,2,Ball-Dominant Playmaker,1.1802279405034823
Jermaine O'Neal,0.315,0.13033333333333333,0.1386666666666667,0.064,0.21,0.513,10.666666666666666,89.65666666666668,6132.7,173,1,Scoring Big / Power Forward,3.2979002820248042
Jerome James,0.18200000000000002,0.045000000000000005,0.11099999999999999,0.081,0.142,0.5206666666666667,21.133333333333333,90.92333333333333,2727.5,190,3,Glass Anchor / Traditional Center,2.710368853808507
Jerome Williams,0.1365,0.0655,0.135,0.1005,0.173,0.5425,14.350000000000001,91.66,2833.8999999999996,147,3,Glass Anchor / Traditional Center,0.9865444503742784
Jerry Stackhouse,0.24533333333333332,0.18766666666666665,0.056999999999999995,0.022333333333333334,0.09100000000000001,0.51,12.800000000000002,94.64666666666666,3916.7,137,2,Ball-Dominant Playmaker,1.5264700755782676
Jim Jackson,0.16466666666666666,0.124,0.07166666666666667,0.018666666666666668,0.11933333333333333,0.48600000000000004,13.466666666666667,94.55333333333333,5628.8,184,0,3-and-D / Role Player,1.0580329083197333
Jiri Welsch,0.16566666666666666,0.12733333333333333,0.067,0.02466666666666667,0.11,0.5103333333333334,11.9,96.46999999999998,4371.8,210,0,3-and-D / Role Player,1.1726161574290708
Joe Johnson,0.214,0.20233333333333334,0.057666666666666665,0.030333333333333334,0.084,0.528,10.1,94.55333333333333,9913.8,246,2,Ball-Dominant Playmaker,1.236356442690159
Joe Smith,0.17666666666666667,0.05333333333333334,0.13333333333333333,0.09166666666666667,0.17800000000000002,0.5356666666666666,8.966666666666667,93.49000000000001,5417.799999999999,194,1,Scoring Big / Power Forward,1.7098728006206625
Joel Przybilla,0.11933333333333333,0.04800000000000001,0.15433333333333332,0.09933333333333333,0.21033333333333334,0.514,18.366666666666664,91.89999999999999,3593.8999999999996,149,3,Glass Anchor / Traditional Center,1.936002159841627
Joey Graham,0.164,0.061,0.081,0.038,0.125,0.564,14.7,93.35,1584.0,80,1,Scoring Big / Power Forward,2.132051079054878
Johan Petro,0.14,0.018,0.122,0.089,0.155,0.53,14.7,93.58,1285.1999999999998,68,3,Glass Anchor / Traditional Center,0.9959258525993938
John Salmons,0.14666666666666667,0.17333333333333334,0.059666666666666666,0.02033333333333333,0.09966666666666667,0.5013333333333333,12.5,94.14,4630.400000000001,217,0,3-and-D / Role Player,1.0288914374344635
Jon Barry,0.141,0.17433333333333334,0.052,0.014,0.08933333333333333,0.5526666666666666,12.700000000000001,93.21999999999998,2934.9,146,0,3-and-D / Role Player,1.87634300598078
Jose Calderon,0.138,0.301,0.05,0.021,0.079,0.495,13.6,94.34,1484.8,64,2,Ball-Dominant Playmaker,2.070679051803377
Josh Childress,0.14600000000000002,0.0975,0.098,0.07200000000000001,0.125,0.5845,11.45,93.7,4617.6,154,1,Scoring Big / Power Forward,1.8698825096193663
Josh Howard,0.19499999999999998,0.08466666666666667,0.106,0.07733333333333332,0.134,0.5186666666666667,9.066666666666668,93.57333333333334,5952.6,202,1,Scoring Big / Power Forward,1.0940361157943324
Josh Smith,0.1825,0.112,0.111,0.07050000000000001,0.1525,0.503,13.4,93.57,4609.799999999999,154,1,Scoring Big / Power Forward,1.2987195412578167
Juan Dixon,0.2353333333333333,0.17,0.051333333333333335,0.021666666666666667,0.08333333333333333,0.5033333333333333,10.333333333333334,93.81,4451.7,210,2,Ball-Dominant Playmaker,1.2476633058026239
Jumaine Jones,0.155,0.05733333333333334,0.09566666666666666,0.056,0.13833333333333334,0.5,9.799999999999999,94.92333333333333,4291.200000000001,194,0,3-and-D / Role Player,1.6646088920275848
Justin Reed,0.16749999999999998,0.1,0.07050000000000001,0.0675,0.0735,0.5215,10.850000000000001,96.485,1108.6,95,0,3-and-D / Role Player,1.7245997594588343
Juwan Howard,0.20833333333333334,0.09400000000000001,0.10666666666666667,0.07,0.144,0.502,10.700000000000001,91.16333333333334,7042.2,222,1,Scoring Big / Power Forward,1.2213900960343325
Kareem Rush,0.20533333333333334,0.09333333333333334,0.044333333333333336,0.016666666666666666,0.07433333333333333,0.48233333333333334,9.233333333333333,94.71,3319.6000000000004,167,0,3-and-D / Role Player,1.4699986693591434
Karl Malone,0.192,0.185,0.131,0.046,0.209,0.555,13.5,96.83,1377.6,42,1,Scoring Big / Power Forward,2.789453425637925
Kedrick Brown,0.128,0.13,0.0915,0.031,0.1575,0.56,16.95,98.33500000000001,1022.4000000000001,63,0,3-and-D / Role Player,3.5079351325445405
Keith Bogans,0.17466666666666666,0.10933333333333334,0.07366666666666667,0.042,0.107,0.48700000000000004,11.266666666666666,94.05333333333333,5501.9,219,0,3-and-D / Role Player,0.5465783936902877
Keith McLeod,0.17533333333333334,0.253,0.041666666666666664,0.013,0.07033333333333333,0.4466666666666667,13.266666666666666,90.92666666666668,3003.6000000000004,152,2,Ball-Dominant Playmaker,1.9034524614781827
Keith Van Horn,0.219,0.07866666666666666,0.10033333333333333,0.059666666666666666,0.14033333333333334,0.5513333333333333,12.033333333333333,93.21666666666665,4932.2,187,1,Scoring Big / Power Forward,0.6444911123101649
Kelvin Cato,0.14100000000000001,0.043333333333333335,0.12866666666666668,0.07566666666666667,0.17900000000000002,0.5293333333333333,14.366666666666667,92.27333333333333,3596.8,158,3,Glass Anchor / Traditional Center,0.7818617416861666
Kendall Gill,0.1855,0.1405,0.066,0.0385,0.0975,0.46099999999999997,8.9,93.15,1695.4,70,0,3-and-D / Role Player,1.2408167823674487
Kendrick Perkins,0.18933333333333335,0.08600000000000001,0.17700000000000002,0.12166666666666666,0.22999999999999998,0.5476666666666666,20.166666666666668,96.98666666666666,1907.8000000000002,138,3,Glass Anchor / Traditional Center,3.77206355035153
Kenny Anderson,0.1595,0.2245,0.0545,0.026000000000000002,0.086,0.47,12.2,92.32,1654.6999999999998,87,2,Ball-Dominant Playmaker,1.4246355533386517
Kenny Thomas,0.18733333333333335,0.10566666666666667,0.13633333333333333,0.09133333333333334,0.18133333333333335,0.527,12.9,92.77333333333333,7165.1,229,3,Glass Anchor / Traditional Center,1.1866637593866223
Kenyon Martin,0.2313333333333333,0.11699999999999999,0.125,0.06433333333333334,0.18333333333333335,0.5273333333333333,10.666666666666666,93.62666666666667,6083.1,191,1,Scoring Big / Power Forward,1.0767782873498064
Kerry Kittles,0.16549999999999998,0.128,0.063,0.012,0.1145,0.486,6.95,92.16499999999999,3088.5,93,0,3-and-D / Role Player,1.858059292020871
Kevin Garnett,0.2703333333333333,0.23033333333333336,0.17833333333333332,0.082,0.26566666666666666,0.5676666666666667,9.299999999999999,90.84333333333332,9319.6,240,1,Scoring Big / Power Forward,4.027083279115059
Kevin Martin,0.1635,0.078,0.0665,0.0475,0.08499999999999999,0.534,11.350000000000001,95.155,2374.2,117,0,3-and-D / Role Player,1.2102218311113415
Kevin Ollie,0.11433333333333334,0.20866666666666667,0.056999999999999995,0.016333333333333335,0.09933333333333333,0.467,10.466666666666667,93.49333333333334,2626.2,178,0,3-and-D / Role Player,1.762952728289512
Keyon Dooling,0.19366666666666665,0.18366666666666667,0.03666666666666667,0.011999999999999999,0.059666666666666666,0.4856666666666667,11.533333333333333,91.96666666666665,3450.0,182,2,Ball-Dominant Playmaker,1.2396533208861844
Kirk Hinrich,0.205,0.309,0.049666666666666665,0.011999999999999999,0.08766666666666667,0.511,10.566666666666668,93.53333333333335,8457.2,234,2,Ball-Dominant Playmaker,1.0043248371822409
Kirk Snyder,0.21,0.1015,0.07050000000000001,0.051500000000000004,0.089,0.49650000000000005,11.4,90.435,2210.0,136,2,Ball-Dominant Playmaker,2.2312289426450302
Kobe Bryant,0.3236666666666667,0.25066666666666665,0.07066666666666667,0.033,0.10833333333333334,0.5576666666666666,9.566666666666668,93.67666666666668,8423.3,211,2,Ball-Dominant Playmaker,2.9679854595513504
Kris Humphries,0.1925,0.0925,0.1225,0.08349999999999999,0.16699999999999998,0.4125,11.399999999999999,91.82499999999999,1491.0,129,3,Glass Anchor / Traditional Center,2.4075781021575993
Kurt Thomas,0.16766666666666666,0.08166666666666667,0.14366666666666666,0.06566666666666666,0.219,0.506,10.0,94.25999999999999,6809.8,213,3,Glass Anchor / Traditional Center,2.1193199893968884
Kwame Brown,0.16133333333333333,0.07233333333333333,0.121,0.085,0.157,0.5296666666666666,15.366666666666667,93.45333333333333,5114.6,188,3,Glass Anchor / Traditional Center,0.9343733652955819
Kyle Korver,0.16433333333333333,0.09899999999999999,0.06333333333333334,0.02033333333333333,0.107,0.5513333333333333,9.533333333333333,95.75,6090.0,238,0,3-and-D / Role Player,1.5451664667673934
Lamar Odom,0.21,0.20166666666666666,0.12966666666666668,0.056999999999999995,0.20133333333333334,0.5376666666666666,12.4,91.67333333333333,8540.8,224,1,Scoring Big / Power Forward,1.8850299108689623
Lamond Murray,0.205,0.083,0.09966666666666667,0.042666666666666665,0.158,0.486,11.433333333333332,91.74666666666667,2014.6999999999998,152,1,Scoring Big / Power Forward,1.5018797635410337
Larry Hughes,0.256,0.17733333333333334,0.07433333333333333,0.03166666666666667,0.11833333333333333,0.5076666666666667,10.633333333333333,94.28666666666668,5704.1,158,2,Ball-Dominant Playmaker,1.8570515126066522
Latrell Sprewell,0.2245,0.1355,0.0515,0.0235,0.077,0.491,9.0,91.66499999999999,5547.6,162,2,Ball-Dominant Playmaker,1.6287281699814062
LeBron James,0.299,0.30233333333333334,0.08066666666666666,0.028999999999999998,0.13366666666666666,0.5366666666666666,9.766666666666667,91.77999999999999,9869.9,238,2,Ball-Dominant Playmaker,2.6715072647015474
Leandro Barbosa,0.18733333333333335,0.16833333333333333,0.04800000000000001,0.021333333333333333,0.073,0.5723333333333334,13.333333333333334,98.45,4171.9,190,0,3-and-D / Role Player,2.9252129880507827
Lee Nailon,0.21266666666666667,0.08266666666666667,0.08733333333333333,0.081,0.09466666666666668,0.5106666666666667,9.833333333333334,92.92666666666668,3031.3,147,1,Scoring Big / Power Forward,1.6913532654490386
Lindsey Hunter,0.146,0.23099999999999998,0.055,0.02766666666666667,0.082,0.4203333333333334,12.200000000000001,92.58,2139.8,139,0,3-and-D / Role Player,2.288541107871709
Linton Johnson,0.13233333333333333,0.03566666666666667,0.08,0.04966666666666667,0.17566666666666667,0.29,20.066666666666666,95.52,1274.7,79,3,Glass Anchor / Traditional Center,5.406988549799679
Lonny Baxter,0.171,0.022333333333333334,0.12566666666666668,0.09966666666666668,0.15233333333333335,0.4216666666666667,17.233333333333334,92.71,1200.4,107,3,Glass Anchor / Traditional Center,2.1822621557796373
Loren Woods,0.12966666666666668,0.030666666666666665,0.15466666666666665,0.122,0.19166666666666665,0.48066666666666663,16.866666666666667,92.17666666666666,1527.6,110,3,Glass Anchor / Traditional Center,1.7288775736799356
Lorenzen Wright,0.17400000000000002,0.06233333333333333,0.135,0.08633333333333333,0.18466666666666667,0.49033333333333334,10.6,89.43,5657.6,223,3,Glass Anchor / Traditional Center,2.0681678124207066
Lucious Harris,0.15500000000000003,0.11349999999999999,0.051000000000000004,0.0305,0.07150000000000001,0.478,7.4,91.95,2628.4,142,0,3-and-D / Role Player,1.854055277836825
Luke Ridnour,0.17800000000000002,0.294,0.046000000000000006,0.02333333333333333,0.07033333333333334,0.502,11.033333333333333,92.31333333333333,6308.5,230,2,Ball-Dominant Playmaker,1.0245071334406717
Luke Walton,0.14366666666666666,0.21166666666666667,0.09233333333333334,0.06333333333333334,0.12333333333333334,0.49133333333333334,14.333333333333334,93.77666666666666,2814.2,202,0,3-and-D / Role Player,2.114477045120993
Luol Deng,0.21150000000000002,0.118,0.0965,0.052500000000000005,0.139,0.5065,10.05,94.645,4264.4,139,1,Scoring Big / Power Forward,1.2967302407169425
Luther Head,0.163,0.167,0.059,0.015,0.102,0.517,11.7,89.88,2312.0,80,2,Ball-Dominant Playmaker,1.930686923802257
Malik Allen,0.18133333333333335,0.05266666666666667,0.09700000000000002,0.069,0.125,0.48833333333333334,9.766666666666666,94.19666666666666,1833.3000000000002,135,1,Scoring Big / Power Forward,1.7182540356811482
Malik Rose,0.19333333333333336,0.08966666666666667,0.12433333333333334,0.08566666666666667,0.164,0.501,15.899999999999999,93.03333333333335,3850.8999999999996,215,3,Glass Anchor / Traditional Center,1.252000143993559
Manu Ginobili,0.22799999999999998,0.21666666666666667,0.074,0.03333333333333333,0.11333333333333333,0.5793333333333334,11.299999999999999,92.3,6267.4,216,2,Ball-Dominant Playmaker,1.7663310431158634
Marc Jackson,0.20433333333333334,0.06866666666666667,0.10866666666666668,0.085,0.13399999999999998,0.5193333333333333,11.4,92.51666666666667,3588.5,167,1,Scoring Big / Power Forward,0.9890962015619195
Marcus Banks,0.18833333333333335,0.23199999999999998,0.050666666666666665,0.022000000000000002,0.07733333333333332,0.5143333333333334,14.233333333333334,95.86,4015.5,220,2,Ball-Dominant Playmaker,1.9091130468500808
Marcus Camby,0.16833333333333333,0.10333333333333333,0.17166666666666666,0.08,0.259,0.505,10.9,95.40666666666668,6046.000000000001,194,3,Glass Anchor / Traditional Center,2.9294334287386663
Marcus Fizer,0.2373333333333333,0.09466666666666666,0.11399999999999999,0.046000000000000006,0.18833333333333332,0.5013333333333333,11.166666666666666,92.85333333333334,1681.4,103,1,Scoring Big / Power Forward,1.441028671743625
Mark Blount,0.18266666666666667,0.07566666666666666,0.103,0.06999999999999999,0.133,0.5696666666666667,16.53333333333333,94.27333333333333,6778.4,245,1,Scoring Big / Power Forward,2.131416433765363
Mark Madsen,0.08966666666666667,0.03333333333333333,0.10833333333333334,0.09699999999999999,0.12033333333333333,0.48633333333333334,18.099999999999998,91.24666666666667,2524.1000000000004,175,3,Glass Anchor / Traditional Center,2.4212107907376312
Marko Jaric,0.16333333333333333,0.256,0.054,0.023333333333333334,0.084,0.48100000000000004,11.866666666666667,91.47333333333334,5517.400000000001,183,2,Ball-Dominant Playmaker,1.3165967258471516
Marquis Daniels,0.19400000000000003,0.161,0.071,0.057666666666666665,0.08466666666666667,0.5183333333333334,10.0,93.96,4219.0,178,0,3-and-D / Role Player,1.3830690190565
Martell Webster,0.179,0.055,0.063,0.026,0.105,0.533,9.4,92.03,1067.5,61,0,3-and-D / Role Player,1.7693636922253329
Marvin Williams,0.161,0.052,0.102,0.064,0.142,0.523,10.5,95.34,1951.3,79,1,Scoring Big / Power Forward,1.7797085030770867
Matt Barnes,0.13066666666666668,0.10133333333333333,0.09866666666666667,0.07266666666666667,0.12633333333333333,0.5096666666666667,15.666666666666666,95.5,2060.0,137,3,Glass Anchor / Traditional Center,2.177341674511181
Matt Bonner,0.1475,0.0535,0.0915,0.0605,0.1245,0.589,6.15,93.995,3249.8,160,1,Scoring Big / Power Forward,2.5753899930973616
Matt Carroll,0.19566666666666666,0.056,0.057,0.022333333333333334,0.09433333333333334,0.5223333333333334,13.266666666666666,101.19666666666667,1777.2999999999997,119,0,3-and-D / Role Player,3.618207507998295
Matt Harpring,0.21066666666666667,0.09799999999999999,0.10666666666666667,0.08433333333333333,0.12933333333333333,0.5383333333333334,10.633333333333333,90.24333333333334,5658.7,180,1,Scoring Big / Power Forward,1.5533207655157244
Maurice Evans,0.158,0.072,0.077,0.068,0.087,0.528,7.65,93.045,2358.0,145,0,3-and-D / Role Player,1.9672333469396486
Maurice Taylor,0.20933333333333334,0.09133333333333334,0.10033333333333333,0.061,0.13833333333333334,0.496,15.233333333333334,90.67333333333333,4635.7,207,1,Scoring Big / Power Forward,2.013522608417468
Mehmet Okur,0.21633333333333335,0.113,0.1386666666666667,0.08900000000000001,0.18966666666666668,0.5536666666666666,11.233333333333334,90.26333333333334,6838.4,235,1,Scoring Big / Power Forward,1.9502267788725516
Melvin Ely,0.18833333333333335,0.08433333333333333,0.10099999999999999,0.08066666666666666,0.12266666666666666,0.49100000000000005,12.733333333333334,93.16666666666667,3518.1,178,1,Scoring Big / Power Forward,1.532685680341027
Metta World Peace,0.24866666666666667,0.16833333333333333,0.07533333333333334,0.035333333333333335,0.11299999999999999,0.5366666666666666,10.200000000000001,91.49333333333334,5211.800000000001,136,2,Ball-Dominant Playmaker,1.787936124071936
Michael Curry,0.089,0.095,0.046,0.025500000000000002,0.0665,0.4605,12.2,90.275,1477.0,88,0,3-and-D / Role Player,2.90696629141591
Michael Doleac,0.15433333333333332,0.06066666666666667,0.121,0.07166666666666667,0.17,0.4716666666666667,10.233333333333334,93.72666666666667,2562.4,183,3,Glass Anchor / Traditional Center,1.6658152811241511
Michael Finley,0.19399999999999998,0.108,0.059,0.021333333333333333,0.09499999999999999,0.527,5.7,93.56,7187.700000000001,213,0,3-and-D / Role Player,2.047891088679629
Michael Olowokandi,0.17600000000000002,0.041,0.13266666666666668,0.081,0.18100000000000002,0.4606666666666667,14.766666666666666,89.06333333333333,3056.5,153,3,Glass Anchor / Traditional Center,2.137192179051289
Michael Redd,0.26666666666666666,0.119,0.06033333333333333,0.03,0.09100000000000001,0.5513333333333333,6.933333333333334,93.62,8995.6,237,2,Ball-Dominant Playmaker,2.6125679292171653
Michael Ruffin,0.078,0.06933333333333333,0.14266666666666666,0.11633333333333333,0.17300000000000001,0.4183333333333333,19.933333333333334,91.99333333333334,2996.7000000000003,196,3,Glass Anchor / Traditional Center,3.1737618263029987
Michael Sweetney,0.20266666666666666,0.061,0.152,0.12,0.18366666666666664,0.545,14.766666666666666,92.26333333333334,3218.1,185,3,Glass Anchor / Traditional Center,1.840105619372982
Mickael Pietrus,0.20266666666666666,0.077,0.07166666666666667,0.051666666666666666,0.09266666666666667,0.5223333333333334,12.333333333333334,95.10666666666667,3266.2999999999997,172,0,3-and-D / Role Player,1.4542918357569097
Mike Bibby,0.23666666666666666,0.254,0.04633333333333334,0.01966666666666667,0.07200000000000001,0.5536666666666666,9.1,95.39,9238.0,244,2,Ball-Dominant Playmaker,1.931710409183274
Mike Dunleavy,0.18200000000000002,0.145,0.084,0.03366666666666667,0.136,0.5296666666666666,10.533333333333333,94.93666666666667,7483.3,235,0,3-and-D / Role Player,1.3927130877763692
Mike James,0.214,0.261,0.053,0.016,0.09000000000000001,0.5483333333333333,9.866666666666667,93.13666666666666,6975.5,234,2,Ball-Dominant Playmaker,0.9968169802601518
Mike Miller,0.19799999999999998,0.18333333333333335,0.075,0.02033333333333333,0.12933333333333333,0.5803333333333334,11.0,91.42999999999999,6305.9,215,2,Ball-Dominant Playmaker,2.045909421062087
Mike Wilks,0.167,0.20533333333333334,0.05366666666666667,0.022000000000000002,0.082,0.49533333333333335,12.0,93.21333333333332,757.0,121,2,Ball-Dominant Playmaker,1.1155746972977048
Mikki Moore,0.155,0.07866666666666668,0.11366666666666668,0.08166666666666667,0.146,0.5493333333333333,15.433333333333332,91.90333333333335,2145.6,153,3,Glass Anchor / Traditional Center,1.343420184861603
Milt Palacio,0.17433333333333334,0.2793333333333333,0.04699999999999999,0.014666666666666666,0.079,0.4563333333333333,13.700000000000001,90.89,4114.9,210,2,Ball-Dominant Playmaker,1.8378174184852698
Mo Williams,0.213,0.26466666666666666,0.051,0.023666666666666666,0.08033333333333333,0.48500000000000004,11.6,93.33333333333333,4570.4,195,2,Ball-Dominant Playmaker,0.738130126406619
Monta Ellis,0.191,0.152,0.057,0.023,0.093,0.486,12.1,98.2,886.9000000000001,49,0,3-and-D / Role Player,2.0491695012244797
Moochie Norris,0.17933333333333334,0.22666666666666666,0.058,0.02366666666666667,0.09233333333333334,0.442,14.966666666666667,89.66666666666667,1625.0,149,2,Ball-Dominant Playmaker,2.428193902559116
Morris Peterson,0.17800000000000002,0.10166666666666667,0.06566666666666666,0.022333333333333334,0.11066666666666668,0.5476666666666667,8.133333333333333,92.55333333333333,7798.200000000001,246,0,3-and-D / Role Player,1.8318608924410467
Nate Robinson,0.222,0.17,0.058,0.039,0.076,0.512,12.5,93.8,1540.8,72,2,Ball-Dominant Playmaker,1.2775156866816118
Nazr Mohammed,0.17966666666666664,0.03833333333333334,0.15466666666666665,0.122,0.18766666666666665,0.541,14.299999999999999,92.56,4940.4,237,3,Glass Anchor / Traditional Center,1.5992953642802217
Nenad Krstic,0.201,0.065,0.1085,0.081,0.1365,0.544,11.9,91.21,4437.0,155,1,Scoring Big / Power Forward,1.1837555401085393
Nene,0.26266666666666666,0.06899999999999999,0.076,0.04833333333333334,0.10333333333333333,0.37633333333333335,32.36666666666667,101.44666666666667,3827.3,133,0,3-and-D / Role Player,8.380498268440192
Nick Collison,0.1535,0.0595,0.1355,0.1075,0.1645,0.5625,12.65,91.95,2839.3999999999996,148,3,Glass Anchor / Traditional Center,1.4095624936752116
Nick Van Exel,0.20199999999999999,0.244,0.04666666666666667,0.010666666666666666,0.08266666666666667,0.48500000000000004,10.1,91.34666666666668,3860.3,157,2,Ball-Dominant Playmaker,0.9979780966477876
Orien Greene,0.142,0.178,0.061,0.031,0.091,0.449,20.9,95.47,1232.0,80,0,3-and-D / Role Player,3.468252609694726
Othella Harrington,0.19133333333333333,0.07166666666666667,0.105,0.07300000000000001,0.13733333333333334,0.545,15.700000000000001,93.02666666666669,2975.4,198,1,Scoring Big / Power Forward,1.6423517597307202
P.J. Brown,0.14966666666666664,0.08933333333333333,0.12666666666666668,0.08533333333333333,0.171,0.518,9.733333333333334,90.44333333333333,7966.5,237,3,Glass Anchor / Traditional Center,1.8237444247113173
Pape Sow,0.1395,0.017,0.1295,0.08449999999999999,0.1795,0.47,14.15,95.05000000000001,839.1,69,3,Glass Anchor / Traditional Center,1.5281103184845395
Pat Garrity,0.12133333333333333,0.06833333333333333,0.041666666666666664,0.018666666666666665,0.06566666666666666,0.4613333333333333,6.433333333333334,92.73333333333333,1913.1,130,0,3-and-D / Role Player,2.355597448748717
Pau Gasol,0.26066666666666666,0.17333333333333334,0.12233333333333334,0.077,0.16666666666666666,0.5596666666666666,11.566666666666668,90.89999999999999,7366.0,214,1,Scoring Big / Power Forward,1.876381799340376
Paul Pierce,0.289,0.22333333333333336,0.09000000000000001,0.026333333333333334,0.15033333333333332,0.5606666666666666,11.433333333333332,94.75666666666666,9137.2,241,1,Scoring Big / Power Forward,2.7801410677810083
Peja Stojakovic,0.22,0.08833333333333333,0.07233333333333333,0.02866666666666667,0.11399999999999999,0.5926666666666667,7.666666666666667,94.19,8412.0,218,1,Scoring Big / Power Forward,2.401548035236387
Predrag Drobnjak,0.2095,0.069,0.0945,0.052000000000000005,0.14100000000000001,0.47950000000000004,10.15,94.69999999999999,2392.9,132,1,Scoring Big / Power Forward,1.7150108348635915
Primoz Brezec,0.19899999999999998,0.06666666666666667,0.113,0.08433333333333333,0.14466666666666667,0.5303333333333334,11.433333333333332,95.31,4517.2,169,1,Scoring Big / Power Forward,1.4289708882855363
Quentin Richardson,0.19799999999999998,0.09666666666666666,0.084,0.046000000000000006,0.12066666666666666,0.486,8.633333333333333,94.86000000000001,6625.0,199,0,3-and-D / Role Player,1.3820537288916976
Quinton Ross,0.126,0.093,0.063,0.0335,0.089,0.46799999999999997,9.649999999999999,92.095,3152.2,145,0,3-and-D / Role Player,1.602950774813849
Qyntel Woods,0.17566666666666667,0.067,0.09966666666666667,0.05833333333333333,0.142,0.4713333333333333,14.700000000000001,92.22333333333334,1717.0,114,3,Glass Anchor / Traditional Center,1.7803794095309402
Raef LaFrentz,0.165,0.09033333333333333,0.11699999999999999,0.06833333333333333,0.16333333333333333,0.5473333333333333,7.6000000000000005,95.07333333333334,4563.400000000001,179,1,Scoring Big / Power Forward,1.8740242961801712
Rafael Araujo,0.1515,0.035,0.1305,0.077,0.1885,0.4385,19.55,95.47,1340.6999999999998,111,3,Glass Anchor / Traditional Center,2.7152985125604845
Rafer Alston,0.18800000000000003,0.2886666666666667,0.050333333333333334,0.013333333333333334,0.08766666666666667,0.502,10.233333333333333,91.66000000000001,7734.8,225,2,Ball-Dominant Playmaker,0.9772542413971139
Raja Bell,0.20033333333333334,0.09899999999999999,0.05566666666666666,0.024999999999999998,0.08733333333333333,0.537,8.466666666666667,92.56666666666666,6775.2,224,0,3-and-D / Role Player,1.815013734183909
Rashad McCants,0.228,0.088,0.053,0.023,0.082,0.539,11.8,91.7,1358.8,79,2,Ball-Dominant Playmaker,1.976877703239821
Rashard Lewis,0.23199999999999998,0.09166666666666667,0.079,0.042666666666666665,0.11566666666666665,0.5609999999999999,8.266666666666666,91.86333333333334,8519.3,229,1,Scoring Big / Power Forward,1.8230821100386287
Rasheed Wallace,0.221,0.106,0.109,0.04866666666666667,0.168,0.512,7.966666666666666,88.32000000000001,7863.5,227,1,Scoring Big / Power Forward,2.6349782839052636
Rasho Nesterovic,0.14133333333333334,0.058666666666666666,0.125,0.10166666666666667,0.147,0.4856666666666667,11.866666666666667,90.64,5658.6,232,3,Glass Anchor / Traditional Center,1.4522874057080213
Rasual Butler,0.18499999999999997,0.06266666666666666,0.057666666666666665,0.015666666666666666,0.09866666666666667,0.525,8.066666666666666,92.00333333333333,3743.3,189,0,3-and-D / Role Player,1.9363431807222904
Raul Lopez,0.1925,0.3635,0.0475,0.0155,0.079,0.5205,15.65,90.81,2141.3,113,2,Ball-Dominant Playmaker,2.215720466067929
Ray Allen,0.27066666666666667,0.18833333333333332,0.06233333333333333,0.028,0.09733333333333333,0.5703333333333332,8.933333333333334,91.43666666666667,8240.0,212,2,Ball-Dominant Playmaker,2.2163479999522324
Raymond Felton,0.21,0.298,0.057,0.031,0.086,0.483,11.3,95.52,2408.0,80,2,Ball-Dominant Playmaker,1.718881786188034
Reggie Evans,0.12233333333333334,0.042666666666666665,0.18733333333333335,0.12666666666666668,0.25433333333333336,0.5006666666666667,18.866666666666667,90.62,4556.3,221,3,Glass Anchor / Traditional Center,3.294949069426259
Reggie Miller,0.17099999999999999,0.153,0.0405,0.0085,0.07250000000000001,0.591,7.1,90.185,4376.0,146,2,Ball-Dominant Playmaker,2.834014728636331
Richard Hamilton,0.255,0.207,0.050333333333333334,0.028999999999999998,0.07066666666666667,0.5343333333333334,10.566666666666666,89.58,8542.2,234,2,Ball-Dominant Playmaker,1.9740299865764204
Richard Jefferson,0.241,0.18633333333333332,0.08700000000000001,0.036,0.13733333333333334,0.5710000000000001,11.6,91.08333333333333,7552.900000000001,193,1,Scoring Big / Power Forward,1.986114441509886
Richie Frahm,0.147,0.09166666666666667,0.05833333333333333,0.023999999999999997,0.09333333333333334,0.556,5.7,96.41000000000001,1292.4,130,0,3-and-D / Role Player,2.4268958745025566
Rick Brunson,0.15166666666666664,0.302,0.04800000000000001,0.013,0.082,0.4706666666666666,15.133333333333333,93.05666666666667,2589.7,147,2,Ball-Dominant Playmaker,2.0891108185155134
Rick Fox,0.131,0.161,0.061,0.035,0.086,0.459,13.9,93.96,847.4,38,0,3-and-D / Role Player,1.5111630358633723
Ricky Davis,0.23066666666666666,0.18733333333333335,0.059,0.02666666666666667,0.08966666666666667,0.5336666666666666,11.733333333333334,94.96666666666665,8368.1,239,2,Ball-Dominant Playmaker,1.5124382087255785
Robert Horry,0.15333333333333332,0.109,0.104,0.07066666666666667,0.13733333333333334,0.5093333333333333,10.466666666666667,92.12333333333333,3882.3,219,1,Scoring Big / Power Forward,1.5456621297096056
Robert Swift,0.1335,0.0315,0.069,0.0495,0.1245,0.5185,16.8,94.16499999999999,1057.4,63,0,3-and-D / Role Player,2.447730235270233
Robert Traylor,0.182,0.0785,0.133,0.10400000000000001,0.16399999999999998,0.494,13.2,92.505,2269.2,145,3,Glass Anchor / Traditional Center,0.9621154785323384
Rod Strickland,0.16649999999999998,0.3165,0.0685,0.022,0.11449999999999999,0.38849999999999996,13.649999999999999,90.94999999999999,1398.5,77,2,Ball-Dominant Playmaker,3.1298038672386976
Rodney Buford,0.1895,0.095,0.0625,0.0315,0.0965,0.39349999999999996,5.75,96.16,1450.6,86,0,3-and-D / Role Player,2.8017584864853755
Rodney Rogers,0.197,0.1415,0.10250000000000001,0.057999999999999996,0.149,0.477,12.85,93.16,2783.3,127,1,Scoring Big / Power Forward,1.5614865229551456
Rodney White,0.238,0.11649999999999999,0.07300000000000001,0.038,0.1095,0.501,10.75,96.535,1665.0,130,0,3-and-D / Role Player,1.9857575158058292
Ron Mercer,0.2065,0.10200000000000001,0.047,0.019999999999999997,0.07600000000000001,0.434,8.45,92.78999999999999,909.3,57,0,3-and-D / Role Player,2.0650641729268195
Ronald Dupree,0.17133333333333334,0.09633333333333333,0.09599999999999999,0.06999999999999999,0.12233333333333334,0.48466666666666675,11.966666666666667,93.57000000000001,1634.1,130,0,3-and-D / Role Player,1.6604172634349212
Royal Ivey,0.14350000000000002,0.158,0.0535,0.0275,0.08199999999999999,0.47550000000000003,10.5,95.02,1790.4,135,0,3-and-D / Role Player,0.9402684009724067
Ruben Patterson,0.19966666666666666,0.13133333333333333,0.075,0.07300000000000001,0.077,0.545,14.266666666666666,91.13333333333333,5406.0,214,1,Scoring Big / Power Forward,2.405039707051415
Ryan Bowen,0.09000000000000001,0.063,0.078,0.05666666666666667,0.09866666666666667,0.3983333333333334,6.633333333333333,93.53666666666668,1623.6,186,0,3-and-D / Role Player,3.0793886447659813
Ryan Gomes,0.159,0.069,0.117,0.081,0.151,0.548,10.3,93.39,1378.6000000000001,61,1,Scoring Big / Power Forward,1.3721508363144979
Salim Stoudamire,0.218,0.107,0.049,0.01,0.089,0.545,11.8,95.68,1238.3,61,0,3-and-D / Role Player,1.9763740302321429
Sam Cassell,0.25433333333333336,0.3333333333333333,0.051333333333333335,0.016666666666666666,0.08366666666666667,0.543,9.466666666666667,92.58333333333333,7025.400000000001,218,2,Ball-Dominant Playmaker,1.7467136218743191
Samuel Dalembert,0.14633333333333334,0.023333333333333334,0.15233333333333332,0.09799999999999999,0.20466666666666666,0.559,16.066666666666666,93.56333333333333,5760.799999999999,220,3,Glass Anchor / Traditional Center,1.7181408129951579
Sarunas Jasikevicius,0.171,0.257,0.049,0.012,0.084,0.561,14.0,94.46,1560.0,75,2,Ball-Dominant Playmaker,1.839624708425239
Sasha Pavlovic,0.17500000000000002,0.08,0.056666666666666664,0.026,0.09000000000000001,0.49833333333333335,12.700000000000001,91.73333333333333,2813.0,197,0,3-and-D / Role Player,1.591369612024943
Sasha Vujacic,0.134,0.16849999999999998,0.0655,0.0265,0.1085,0.441,8.65,93.775,1853.8999999999999,117,0,3-and-D / Role Player,1.596016327743283
Scot Pollard,0.111,0.035666666666666666,0.13466666666666668,0.10233333333333333,0.16733333333333333,0.47700000000000004,13.0,90.2,2313.9,155,3,Glass Anchor / Traditional Center,1.6862180544957157
Scott Padgett,0.151,0.09166666666666667,0.11333333333333333,0.07133333333333335,0.15466666666666665,0.53,8.733333333333333,92.36,2207.3999999999996,186,1,Scoring Big / Power Forward,1.5850620961482618
Sebastian Telfair,0.2125,0.2765,0.0395,0.01,0.068,0.481,13.100000000000001,92.19,2971.6000000000004,136,2,Ball-Dominant Playmaker,1.1527443303261515
Shammond Williams,0.178,0.279,0.039,0.012,0.068,0.495,11.2,94.25,763.2,53,2,Ball-Dominant Playmaker,1.341217267163109
Shandon Anderson,0.13533333333333333,0.08866666666666667,0.06966666666666667,0.033,0.10333333333333333,0.496,13.333333333333334,92.92,3781.2,194,0,3-and-D / Role Player,1.3128874676366094
Shane Battier,0.14266666666666666,0.08233333333333333,0.08066666666666666,0.059666666666666666,0.10033333333333333,0.5576666666666666,8.366666666666667,91.28333333333335,7314.4,240,1,Scoring Big / Power Forward,2.412306961009624
Shaquille O'Neal,0.285,0.13333333333333333,0.158,0.107,0.20333333333333334,0.5823333333333333,12.0,93.27666666666669,6767.6,199,1,Scoring Big / Power Forward,2.9379337489649373
Shareef Abdur-Rahim,0.21966666666666668,0.12066666666666666,0.10733333333333334,0.06666666666666667,0.14633333333333334,0.5753333333333334,11.266666666666666,92.18,6526.7,211,1,Scoring Big / Power Forward,0.8692257540231811
Shaun Livingston,0.15999999999999998,0.285,0.059,0.028999999999999998,0.087,0.4605,15.3,93.715,2344.0,91,2,Ball-Dominant Playmaker,2.113910556601259
Shawn Bradley,0.1265,0.031,0.1175,0.087,0.14750000000000002,0.5085,9.75,95.19,1643.4,143,3,Glass Anchor / Traditional Center,2.078404372069445
Shawn Marion,0.21633333333333335,0.08533333333333333,0.13333333333333333,0.07333333333333333,0.19066666666666668,0.5533333333333333,7.666666666666667,96.74666666666667,9614.5,241,1,Scoring Big / Power Forward,2.4654588420673833
Slava Medvedenko,0.17033333333333334,0.08166666666666667,0.06999999999999999,0.056999999999999995,0.08333333333333333,0.48966666666666664,5.033333333333334,97.08999999999999,1876.0000000000002,113,0,3-and-D / Role Player,2.482410472842056
Smush Parker,0.1885,0.20950000000000002,0.047,0.021500000000000002,0.0735,0.5205,17.1,95.115,2910.7999999999997,98,2,Ball-Dominant Playmaker,2.3143409151161443
Speedy Claxton,0.212,0.30533333333333335,0.04966666666666667,0.021,0.08066666666666666,0.4996666666666667,10.433333333333334,92.57000000000001,5484.799999999999,193,2,Ball-Dominant Playmaker,0.8628384625293364
Stacey Augmon,0.141,0.09400000000000001,0.06933333333333333,0.050666666666666665,0.08766666666666667,0.4593333333333333,11.4,93.30666666666667,2461.1,160,0,3-and-D / Role Player,1.2184249679086907
Stephen Jackson,0.25066666666666665,0.143,0.064,0.025666666666666667,0.10066666666666667,0.517,11.466666666666667,91.60666666666667,7647.1,212,2,Ball-Dominant Playmaker,1.637279890755361
Stephon Marbury,0.23666666666666666,0.3446666666666667,0.04033333333333333,0.015,0.06633333333333334,0.5419999999999999,10.033333333333333,93.20666666666666,8748.6,223,2,Ball-Dominant Playmaker,1.6993376145392942
Steve Blake,0.16533333333333333,0.23900000000000002,0.04666666666666667,0.018,0.07733333333333332,0.5086666666666667,12.733333333333334,93.16666666666667,3815.8999999999996,187,2,Ball-Dominant Playmaker,1.1129324810441679
Steve Francis,0.24566666666666667,0.2826666666666667,0.07066666666666667,0.039,0.09999999999999999,0.5186666666666667,13.733333333333334,92.31,8565.3,227,2,Ball-Dominant Playmaker,1.486062782832202
Steve Nash,0.20533333333333334,0.4216666666666667,0.050333333333333334,0.021,0.078,0.6093333333333333,11.733333333333334,97.15666666666668,7974.6,232,2,Ball-Dominant Playmaker,3.679294012432128
Steven Hunter,0.133,0.021333333333333333,0.10266666666666667,0.08033333333333333,0.12433333333333334,0.566,13.4,95.85333333333334,3150.3999999999996,204,3,Glass Anchor / Traditional Center,2.495567197665771
Steven Smith,0.179,0.135,0.045,0.0235,0.07,0.5485,8.45,93.14,1668.0,121,0,3-and-D / Role Player,1.851742756588121
Stromile Swift,0.2293333333333333,0.048666666666666664,0.11466666666666665,0.08266666666666667,0.14566666666666667,0.5266666666666667,12.333333333333334,92.26333333333332,4156.7,203,1,Scoring Big / Power Forward,1.1329409549023903
T.J. Ford,0.1855,0.3365,0.0615,0.0245,0.0995,0.46599999999999997,14.3,92.795,4041.0,127,2,Ball-Dominant Playmaker,1.84837403622217
Tayshaun Prince,0.17800000000000002,0.12266666666666666,0.06933333333333333,0.03933333333333333,0.09933333333333333,0.5386666666666667,8.9,88.90666666666668,8634.6,246,2,Ball-Dominant Playmaker,2.6768082497713106
Theo Ratliff,0.11033333333333334,0.03633333333333333,0.11,0.07333333333333333,0.144,0.54,14.733333333333334,89.57333333333334,5690.2,203,3,Glass Anchor / Traditional Center,2.1496902351281553
Tierre Brown,0.272,0.324,0.0365,0.01,0.0625,0.479,29.75,89.275,1074.7,79,2,Ball-Dominant Playmaker,6.440118243304629
Tim Duncan,0.28633333333333333,0.161,0.17066666666666666,0.09400000000000001,0.24333333333333332,0.5323333333333333,9.6,89.68333333333332,7513.8,215,1,Scoring Big / Power Forward,3.756603045357882
Tim Thomas,0.212,0.079,0.081,0.029333333333333333,0.134,0.535,10.366666666666667,94.68666666666667,4694.599999999999,166,1,Scoring Big / Power Forward,1.6822856327290887
Tom Gugliotta,0.1455,0.1235,0.11249999999999999,0.07,0.159,0.41700000000000004,13.55,91.985,1783.0,102,3,Glass Anchor / Traditional Center,2.1832023556719538
Toni Kukoc,0.17366666666666666,0.22233333333333336,0.081,0.03233333333333333,0.13033333333333333,0.511,12.433333333333332,94.29333333333334,3634.0,191,0,3-and-D / Role Player,1.621171740323413
Tony Allen,0.182,0.0995,0.076,0.053500000000000006,0.0975,0.548,13.600000000000001,96.97999999999999,2234.3,128,0,3-and-D / Role Player,2.09386656347314
Tony Battie,0.13633333333333333,0.04533333333333334,0.11633333333333333,0.07033333333333333,0.16,0.5036666666666667,13.0,91.85333333333334,5600.2,236,3,Glass Anchor / Traditional Center,1.0155619008563508
Tony Delk,0.20966666666666667,0.12566666666666668,0.058666666666666666,0.027333333333333334,0.09633333333333333,0.5073333333333333,7.3,94.5,2248.4,113,0,3-and-D / Role Player,1.6073751978249593
Tony Massenburg,0.166,0.0505,0.121,0.07500000000000001,0.1705,0.488,14.6,92.46000000000001,1474.0,120,3,Glass Anchor / Traditional Center,0.8155416471377122
Tony Parker,0.245,0.304,0.051333333333333335,0.017,0.08433333333333333,0.5426666666666667,11.366666666666667,90.60666666666667,8028.0,235,2,Ball-Dominant Playmaker,1.6125982628496913
Tracy McGrady,0.32233333333333336,0.272,0.081,0.028,0.13366666666666668,0.5153333333333333,7.866666666666667,91.24000000000001,7620.6,192,2,Ball-Dominant Playmaker,3.18619017317324
Travis Best,0.153,0.196,0.040999999999999995,0.017,0.0665,0.47650000000000003,9.600000000000001,93.7,2221.7,137,0,3-and-D / Role Player,1.579953845054488
Travis Outlaw,0.19799999999999998,0.09199999999999998,0.08766666666666667,0.063,0.11233333333333333,0.49333333333333335,9.133333333333335,98.40666666666668,1961.3,136,0,3-and-D / Role Player,2.4733720311835588
Trenton Hassell,0.12533333333333332,0.10266666666666667,0.05266666666666667,0.036,0.06733333333333334,0.5083333333333333,9.633333333333333,90.56,6852.4,240,0,3-and-D / Role Player,2.3134440510982706
Trevor Ariza,0.16349999999999998,0.0985,0.10300000000000001,0.07400000000000001,0.132,0.48550000000000004,13.5,93.445,2381.5,137,3,Glass Anchor / Traditional Center,1.5225360052752233
Troy Hudson,0.225,0.252,0.03133333333333333,0.010333333333333333,0.051666666666666666,0.4876666666666667,9.566666666666668,90.82000000000001,3049.7,144,2,Ball-Dominant Playmaker,1.593152597966048
Troy Murphy,0.21333333333333335,0.06466666666666666,0.148,0.08433333333333333,0.21566666666666667,0.5083333333333333,9.233333333333333,94.05333333333333,5509.2,172,1,Scoring Big / Power Forward,2.210258617341451
Tyronn Lue,0.18533333333333335,0.24166666666666667,0.038,0.009666666666666665,0.06799999999999999,0.5483333333333333,9.966666666666667,92.58999999999999,5576.4,197,2,Ball-Dominant Playmaker,1.2178541288160412
Tyson Chandler,0.12666666666666668,0.052333333333333336,0.16766666666666666,0.11333333333333334,0.22266666666666665,0.5463333333333332,17.066666666666666,94.36333333333334,5088.700000000001,194,3,Glass Anchor / Traditional Center,2.3231286483334563
Udonis Haslem,0.146,0.05566666666666667,0.13733333333333334,0.09333333333333334,0.17900000000000002,0.5556666666666666,10.833333333333334,91.99333333333334,6966.7,236,3,Glass Anchor / Traditional Center,1.519489384320951
Viktor Khryapa,0.149,0.087,0.10850000000000001,0.0685,0.1485,0.495,15.7,92.1,2018.4,101,3,Glass Anchor / Traditional Center,1.2712667188306799
Vin Baker,0.17166666666666666,0.08233333333333333,0.06833333333333334,0.06633333333333334,0.08,0.49099999999999994,19.766666666666666,93.68333333333334,1610.3,89,0,3-and-D / Role Player,3.1174515925123427
Vince Carter,0.312,0.24366666666666667,0.07233333333333333,0.04,0.106,0.526,8.9,91.40666666666668,8537.1,229,2,Ball-Dominant Playmaker,2.6960678661903374
Vitaly Potapenko,0.15033333333333332,0.048999999999999995,0.11366666666666665,0.08266666666666667,0.148,0.5423333333333333,12.9,90.79666666666667,2113.2,131,3,Glass Anchor / Traditional Center,1.453518387975342
Vlade Divac,0.1735,0.26,0.11199999999999999,0.093,0.1285,0.49,16.35,95.33500000000001,2447.1,96,3,Glass Anchor / Traditional Center,3.035987147299216
Vladimir Radmanovic,0.18466666666666667,0.09666666666666666,0.08833333333333333,0.036333333333333336,0.14,0.5373333333333333,9.700000000000001,93.28000000000002,6155.1,217,1,Scoring Big / Power Forward,1.3145197425824096
Voshon Lenard,0.22,0.13866666666666666,0.051333333333333335,0.010333333333333333,0.09900000000000002,0.49,8.166666666666666,97.90333333333335,2755.1,102,0,3-and-D / Role Player,2.425493358289393
Wally Szczerbiak,0.214,0.12133333333333333,0.063,0.03466666666666667,0.08933333333333333,0.5763333333333334,9.1,91.08,5920.9,181,2,Ball-Dominant Playmaker,2.2540296689852197
Walter McCarty,0.15166666666666667,0.09600000000000002,0.07966666666666666,0.030333333333333334,0.12833333333333333,0.49100000000000005,11.866666666666667,96.45,3154.7,185,0,3-and-D / Role Player,1.3358706946510688
Wesley Person,0.1605,0.10200000000000001,0.059,0.0095,0.11,0.54,7.3,94.515,1704.8000000000002,99,0,3-and-D / Role Player,1.7414692413134745
Willie Green,0.24433333333333332,0.12933333333333333,0.050666666666666665,0.015666666666666666,0.08533333333333333,0.47800000000000004,12.433333333333332,94.30333333333334,1987.3999999999999,120,2,Ball-Dominant Playmaker,1.9151900951562082
Yao Ming,0.26766666666666666,0.07666666666666666,0.147,0.08533333333333333,0.204,0.5973333333333333,12.666666666666666,90.60666666666667,7103.2,219,1,Scoring Big / Power Forward,2.7437193451171398
Zach Randolph,0.2763333333333333,0.10633333333333334,0.137,0.08433333333333333,0.19066666666666665,0.5073333333333333,11.066666666666668,89.00333333333333,7220.9,201,1,Scoring Big / Power Forward,2.8482185387752987
Zarko Cabarkapa,0.21233333333333335,0.09400000000000001,0.10133333333333333,0.06166666666666667,0.14433333333333334,0.504,13.966666666666667,96.06,1555.6,150,1,Scoring Big / Power Forward,1.963079227891062
Zaza Pachulia,0.17400000000000002,0.06266666666666666,0.1366666666666667,0.104,0.17,0.5026666666666667,13.6,92.61333333333334,4508.599999999999,211,3,Glass Anchor / Traditional Center,0.7306610617064332
Zeljko Rebraca,0.16466666666666666,0.042666666666666665,0.10033333333333333,0.05933333333333333,0.14033333333333334,0.5736666666666667,15.133333333333333,91.61333333333333,1608.6,111,1,Scoring Big / Power Forward,2.0571594322387896
Zoran Planinic,0.20333333333333334,0.21266666666666667,0.06666666666666667,0.03166666666666667,0.102,0.492,14.033333333333333,91.47333333333334,1570.8,148,2,Ball-Dominant Playmaker,1.3005391633978347
Zydrunas Ilgauskas,0.23766666666666666,0.07066666666666667,0.13233333333333333,0.11333333333333333,0.151,0.5556666666666666,12.066666666666668,91.29,7441.8,237,1,Scoring Big / Power Forward,2.0154640392670626
