team,year,segment,attendance,avg_ticket_price,win_pct,playoff,new_stadium,log_attendance,log_price,predicted_log_att,residual
ARI,2011,playoff_caliber,2105432,15.74,0.58,1,0,14.560031229695921,2.756205242989257,14.615110958560992,-0.05507972886507062
ATL,2011,playoff_caliber,2372940,19.38,0.549,1,0,14.67964025064818,2.96424160646262,14.642700207945788,0.03694004270239226
BAL,2011,non_playoff,1755461,23.9,0.426,0,0,14.378242058450939,3.173878458937465,14.543123240864347,-0.1648811824134082
BOS,2011,playoff_caliber,3054001,53.38,0.556,0,0,14.931963092200085,3.9774361439763783,15.032299930427355,-0.10033683822726935
CHN,2011,non_playoff,3017966,46.9,0.438,0,0,14.920093652507573,3.8480176754522337,14.797067534818671,0.12302611768890159
CHA,2011,non_playoff,2001117,40.67,0.488,0,0,14.50921608262114,3.7054907199191334,14.834509297674801,-0.3252932150536605
CIN,2011,non_playoff,2213588,20.56,0.488,0,0,14.610125286406548,3.0233474405869645,14.600026358211132,0.01009892819541669
CLE,2011,non_playoff,1840835,18.49,0.494,0,0,14.425729830994943,2.9172300453990334,14.573320371188947,-0.1475905401940043
COL,2011,non_playoff,2909777,19.5,0.451,0,0,14.883587003908865,2.970414465569701,14.518783556381457,0.36480344752740734
DET,2011,playoff_caliber,2642045,29.32,0.586,1,0,14.787063796470454,3.3782698770184507,14.837171493490589,-0.05010769702013462
MIA,2011,non_playoff,1520562,19.06,0.444,0,0,14.234590561328742,2.947591898226056,14.498430367903158,-0.2638398065744152
HOU,2011,non_playoff,2067016,30.84,0.346,0,0,14.541616579320932,3.4288125486951286,14.46443690297205,0.0771796763488819
KCA,2011,non_playoff,1724450,18.95,0.438,0,0,14.360418717027422,2.9418039315284354,14.485561625582623,-0.12514290855520116
ANA,2011,non_playoff,3166321,17.13,0.531,0,0,14.968080904049765,2.8408313123360287,14.604811480268042,0.36326942378172333
LAN,2011,non_playoff,2935139,30.59,0.509,0,0,14.892265369577766,3.420673158162812,14.77029434142039,0.12197102815737537
MIL,2011,playoff_caliber,3071373,22.1,0.593,1,0,14.937635250855642,3.095577608523707,14.749492615319786,0.18814263553585597
MIN,2011,non_playoff,3168116,33.04,0.389,0,0,14.968647647407714,3.497718948652777,14.581789395151915,0.3868582522557986
NYN,2011,non_playoff,2352596,31.81,0.475,0,0,14.671029957260497,3.4597807057610526,14.728458010271904,-0.05742805301140663
NYA,2011,playoff_caliber,3653680,51.83,0.599,1,0,15.111245436825163,3.947969132201615,15.050547230076255,0.060698206748908135
OAK,2011,non_playoff,1476791,21.52,0.457,0,0,14.2053820484543,3.0689827352935835,14.563233482244607,-0.3578514337903069
PHI,2011,playoff_caliber,3680718,36.29,0.63,1,0,15.11861839980954,3.591542221224979,14.968374168514446,0.150244231295094
PIT,2011,non_playoff,1940429,15.3,0.444,0,0,14.478419640613605,2.72785282839839,14.422896290870767,0.055523349742838235
SDN,2011,non_playoff,2143018,15.45,0.438,0,0,14.577725673860476,2.7376090033437546,14.415370760356783,0.1623549135036928
SFN,2011,non_playoff,3387303,25.04,0.531,0,0,15.035544587497476,3.2204745462318978,14.73531171992231,0.30023286757516665
SEA,2011,non_playoff,1896321,26.4,0.414,0,0,14.455426251264303,3.2733640101522705,14.554473402763904,-0.09904715149960097
SLN,2011,playoff_caliber,3093954,31.17,0.556,0,0,14.94496044251917,3.4394560937792455,14.847372295185481,0.09758814733368837
TBA,2011,playoff_caliber,1529188,19.42,0.562,1,0,14.240247433533218,2.966303462863179,14.662122465498841,-0.42187503196562304
TEX,2011,playoff_caliber,2946949,18.6,0.593,1,0,14.89628095583544,2.9231615807191558,14.690225569472995,0.20605538636244525
TOR,2011,non_playoff,1818103,24.35,0.5,0,0,14.413304207780255,3.192531849528599,14.67760713605339,-0.2643029282731355
WAS,2011,non_playoff,1940478,30.54,0.497,0,0,14.478444892442626,3.4190372997904865,14.750655031754585,-0.2722101393119587
ARI,2013,non_playoff,2134895,16.89,0.5,0,0,14.573928023107602,2.826721730819709,14.553148886743294,0.020779136364307504
ATL,2013,playoff_caliber,2548679,17.32,0.593,1,0,14.751085743690249,2.851861903134289,14.66700363814746,0.08408210554278917
BAL,2013,non_playoff,2357561,23.89,0.525,0,0,14.673138168022446,3.173459961337718,14.71135112378425,-0.03821295576180361
BOS,2013,playoff_caliber,2833333,53.38,0.599,1,0,14.856964315145369,3.9774361439763783,15.061963284987572,-0.20499896984220278
CHN,2013,non_playoff,2642682,44.55,0.407,0,0,14.787304868526999,3.796612153916818,14.721988449795536,0.06531641873146299
CHA,2013,non_playoff,1768413,26.05,0.389,0,0,14.385593092185196,3.260017768199376,14.501367877308448,-0.11577478512325179
CIN,2013,playoff_caliber,2492101,21.35,0.556,1,0,14.7286366877632,3.0610517396746335,14.687395974805964,0.04124071295723475
CLE,2013,playoff_caliber,1572926,19.59,0.568,1,0,14.268448137068592,2.9750192319564492,14.67489686775798,-0.40644873068938736
COL,2013,non_playoff,2793828,23.65,0.457,0,0,14.842923256417363,3.1633631149379418,14.596963144530976,0.24596011188638656
DET,2013,playoff_caliber,3083397,26.36,0.574,1,0,14.941542469255966,3.2718477096343066,14.785332239865763,0.15621022939020257
MIA,2013,non_playoff,1586322,29.27,0.383,0,0,14.276928687051559,3.3765631007037946,14.529000324741148,-0.25207163768958907
HOU,2013,non_playoff,1651883,30.09,0.315,0,0,14.317426407310425,3.4041928906419536,14.38220504101261,-0.06477863370218451
KCA,2013,non_playoff,1750754,19.83,0.531,0,0,14.375557110250268,2.9871959425317045,14.65641043811798,-0.2808533278677121
ANA,2013,non_playoff,3019505,27.54,0.481,0,0,14.920603468632017,3.315639493300509,14.690234235756519,0.23036923287549804
LAN,2013,playoff_caliber,3743527,22.37,0.568,1,0,15.135538773128536,3.107720775502038,14.720512281622936,0.4150264915055999
MIL,2013,non_playoff,2531105,24.95,0.457,0,0,14.74416652424558,3.2168738221975275,14.615357151055957,0.1288093731896236
MIN,2013,non_playoff,2477644,32.59,0.407,0,0,14.72281866660517,3.4840054928494704,14.614531657353401,0.10828700925176804
NYN,2013,non_playoff,2135657,25.3,0.457,0,0,14.574284885643445,3.2308043957334744,14.620145707844673,-0.045860822201227336
NYA,2013,non_playoff,3279589,51.55,0.525,0,0,15.003228667630966,3.942552210462969,14.975722285617241,0.027506382013724462
OAK,2013,playoff_caliber,1809302,22.12,0.593,1,0,14.408451693506455,3.096482176654134,14.751090489876756,-0.34263879637030037
PHI,2013,non_playoff,3012403,37.42,0.451,0,0,14.91824865709252,3.6222053208459437,14.744119954047477,0.17412870304504224
PIT,2013,playoff_caliber,2256862,17.21,0.58,1,0,14.629485910820033,2.845490610223448,14.647089238809691,-0.017603327989657913
SDN,2013,non_playoff,2166691,15.99,0.469,0,0,14.588711676903921,2.771963526845863,14.483147013834694,0.1055646630692273
SFN,2013,non_playoff,3369106,30.09,0.469,0,0,15.030157985235967,3.4041928906419536,14.700472323824245,0.3296856614117214
SEA,2013,non_playoff,1761546,28.45,0.438,0,0,14.381702390529757,3.34814816057234,14.626527117393284,-0.24482472686352708
SLN,2013,playoff_caliber,3369769,33.11,0.599,1,0,15.030354753985096,3.4998353515591547,14.897790682120608,0.13256407186448804
TBA,2013,playoff_caliber,1510300,20.39,0.564,1,0,14.227818864554433,3.015044584586364,14.683004409637137,-0.4551855450827045
TEX,2013,playoff_caliber,3178273,22.54,0.558,0,0,14.97184852547304,3.11529150861163,14.740100585062788,0.23174794041025315
TOR,2013,non_playoff,2536562,32.98,0.457,0,0,14.74632017882045,3.4959013171314526,14.711271292828847,0.035048885991603385
WAS,2013,non_playoff,2652422,35.24,0.531,0,0,14.790983742817357,3.562181801067979,14.854058613134264,-0.06307487031690684
ARI,2015,non_playoff,2080145,17.98,0.488,0,0,14.547948160786225,2.8892600290434745,14.532135621180501,0.01581253960572404
ATL,2015,non_playoff,2001392,19.14,0.414,0,0,14.509353496428545,2.9517803860248084,14.422131890658514,0.08722160577003102
BAL,2015,non_playoff,2281202,24.97,0.5,0,0,14.640213054995682,3.217675104291682,14.66445105055356,-0.024237995557877312
BOS,2015,non_playoff,2880694,52.34,0.481,0,0,14.873541795305208,3.9577608971019997,14.887874006101034,-0.014332210795826583
CHN,2015,playoff_caliber,2919122,44.81,0.599,1,0,14.88679344409818,3.802431328798052,14.978720484845132,-0.09192704074695257
CHA,2015,non_playoff,1755810,26.05,0.469,0,0,14.378440846867527,3.260017768199376,14.62782705823865,-0.2493862113711227
CIN,2015,non_playoff,2419506,22.03,0.395,0,0,14.699073945063644,3.092405160814252,14.432905213687526,0.2661687313761174
CLE,2015,non_playoff,1388905,22.38,0.503,0,0,14.14402622486903,3.108167702883779,14.631591793856577,-0.4875655689875469
COL,2015,non_playoff,2506789,23.65,0.42,0,0,14.734513209258566,3.1633631149379418,14.506367591998082,0.2281456172604841
DET,2015,non_playoff,2726048,29.01,0.46,0,0,14.81836349930076,3.367640598133313,14.649328415413885,0.16903508388687527
MIA,2015,non_playoff,1752235,28.96,0.438,0,0,14.376402673903616,3.365915567517516,14.609548691114817,-0.23314601721120098
HOU,2015,playoff_caliber,2153585,31.82,0.531,1,0,14.582644453326566,3.4600950229096408,14.764692107598608,-0.18204765427204173
KCA,2015,playoff_caliber,2708549,29.76,0.586,1,0,14.811923625110834,3.393165209964891,14.820492742146548,-0.008569117035714058
ANA,2015,non_playoff,3012765,27.54,0.525,0,0,14.918368819717175,3.315639493300509,14.737138670085052,0.18123014963212292
LAN,2015,playoff_caliber,3764815,28.61,0.568,1,0,15.141209281222691,3.3537563070620187,14.781999747287202,0.3592095339354895
MIL,2015,non_playoff,2542558,26.32,0.42,0,0,14.748681218837381,3.2703291064571163,14.543136553701578,0.20554466513580394
MIN,2015,non_playoff,2220054,32.59,0.512,0,0,14.613042077876955,3.4840054928494704,14.77496451013981,-0.1619224322628554
NYN,2015,playoff_caliber,2569753,25.3,0.556,1,0,14.759320343303225,3.2308043957334744,14.722661628396143,0.03665871490708206
NYA,2015,playoff_caliber,3193795,51.55,0.537,1,0,14.976720422854457,3.942552210462969,14.93951850083399,0.03720192202046668
OAK,2015,non_playoff,1768175,24.0,0.42,0,0,14.385458499181793,3.1780538303479458,14.511417443307229,-0.1259589441254363
PHI,2015,non_playoff,1831080,37.42,0.389,0,0,14.420416514673782,3.6222053208459437,14.60278195099514,-0.1823654363213585
PIT,2015,playoff_caliber,2498596,19.99,0.605,1,0,14.731239532082082,2.995232148512309,14.709219839486849,0.022019692595232954
SDN,2015,non_playoff,2459752,16.37,0.457,0,0,14.715571089818443,2.7954503913830435,14.447409329133487,0.268161760684956
SFN,2015,non_playoff,3375882,33.78,0.519,0,0,15.032167181480492,3.519868911379654,14.798150416178004,0.2340167653024885
SEA,2015,non_playoff,2193581,31.0,0.469,0,0,14.601045926191771,3.4339872044851463,14.687628079568158,-0.08658215337638708
SLN,2015,playoff_caliber,3520889,34.2,0.617,1,0,15.074224072505357,3.5322256440685598,14.909513066549254,0.16471100595610366
TBA,2015,non_playoff,1287054,21.9,0.494,0,0,14.067866443740007,3.086486636822455,14.609702439651604,-0.5418359959115975
TEX,2015,playoff_caliber,2491875,23.64,0.543,1,0,14.728545997117756,3.1629401925378975,14.680415829876399,0.048130167241357213
TOR,2015,playoff_caliber,2794891,25.14,0.574,1,0,14.843303665599795,3.2244602031621015,14.7459571762803,0.09734648931949508
WAS,2015,non_playoff,2619843,36.02,0.512,0,0,14.778624950277663,3.58407433974781,14.80936261693115,-0.03073766665348643
