team,year,attendance,win_pct,avg_ticket_price,playoff,new_stadium,log_attendance,log_price,log_win_pct,is_playoff_caliber
ARI,2011,2105432,0.58,15.74,1,0,14.560031229695921,2.756205242989257,-0.5447271754416722,1
ATL,2011,2372940,0.549,19.38,1,0,14.67964025064818,2.96424160646262,-0.5996568374726063,1
BAL,2011,1755461,0.426,23.9,0,0,14.378242058450939,3.173878458937465,-0.8533159327127666,0
BOS,2011,3054001,0.556,53.38,0,0,14.931963092200085,3.9774361439763783,-0.5869869847315546,1
CHN,2011,3017966,0.438,46.9,0,0,14.920093652507573,3.8480176754522337,-0.8255363686056909,0
CHA,2011,2001117,0.488,40.67,0,0,14.50921608262114,3.7054907199191334,-0.7174398731289899,0
CIN,2011,2213588,0.488,20.56,0,0,14.610125286406548,3.0233474405869645,-0.7174398731289899,0
CLE,2011,1840835,0.494,18.49,0,0,14.425729830994943,2.9172300453990334,-0.7052197617942145,0
COL,2011,2909777,0.451,19.5,0,0,14.883587003908865,2.970414465569701,-0.7962879394794586,0
DET,2011,2642045,0.586,29.32,1,0,14.787063796470454,3.3782698770184507,-0.5344354894051245,1
FLO,2011,1520562,0.444,19.06,0,0,14.234590561328742,2.947591898226056,-0.8119307165499123,0
HOU,2011,2067016,0.346,30.84,0,0,14.541616579320932,3.4288125486951286,-1.0613165039244128,0
KCA,2011,1724450,0.438,18.95,0,0,14.360418717027422,2.9418039315284354,-0.8255363686056909,0
ANA,2011,3166321,0.531,17.13,0,0,14.968080904049765,2.8408313123360287,-0.6329932577401982,0
LAN,2011,2935139,0.509,30.59,0,0,14.892265369577766,3.420673158162812,-0.6753072624316143,0
MIL,2011,3071373,0.593,22.1,1,0,14.937635250855642,3.095577608523707,-0.5225608799844117,1
MIN,2011,3168116,0.389,33.04,0,0,14.968647647407714,3.497718948652777,-0.9441759353636907,0
NYN,2011,2352596,0.475,31.81,0,0,14.671029957260497,3.4597807057610526,-0.7444404749474959,0
NYA,2011,3653680,0.599,51.83,1,0,15.111245436825163,3.947969132201615,-0.5124936808666878,1
OAK,2011,1476791,0.457,21.52,0,0,14.2053820484543,3.0689827352935835,-0.7830718880879323,0
PHI,2011,3680718,0.63,36.29,1,0,15.11861839980954,3.591542221224979,-0.4620354595965587,1
PIT,2011,1940429,0.444,15.3,0,0,14.478419640613605,2.72785282839839,-0.8119307165499123,0
SDN,2011,2143018,0.438,15.45,0,0,14.577725673860476,2.7376090033437546,-0.8255363686056909,0
SFN,2011,3387303,0.531,25.04,0,0,15.035544587497476,3.2204745462318978,-0.6329932577401982,0
SEA,2011,1896321,0.414,26.4,0,0,14.455426251264303,3.2733640101522705,-0.8818893051568227,0
SLN,2011,3093954,0.556,31.17,0,0,14.94496044251917,3.4394560937792455,-0.5869869847315546,1
TBA,2011,1529188,0.562,19.42,1,0,14.240247433533218,2.966303462863179,-0.5762534290884459,1
TEX,2011,2946949,0.593,18.6,1,0,14.89628095583544,2.9231615807191558,-0.5225608799844117,1
TOR,2011,1818103,0.5,24.35,0,0,14.413304207780255,3.192531849528599,-0.6931471805599453,0
WAS,2011,1940478,0.497,30.54,0,0,14.478444892442626,3.4190372997904865,-0.6991652528855083,0
ARI,2013,2134895,0.5,16.89,0,0,14.573928023107602,2.826721730819709,-0.6931471805599453,0
ATL,2013,2548679,0.593,17.32,1,0,14.751085743690249,2.851861903134289,-0.5225608799844117,1
BAL,2013,2357561,0.525,23.89,0,0,14.673138168022446,3.173459961337718,-0.6443570163905132,0
BOS,2013,2833333,0.599,53.38,1,0,14.856964315145369,3.9774361439763783,-0.5124936808666878,1
CHN,2013,2642682,0.407,44.55,0,0,14.787304868526999,3.796612153916818,-0.8989420935395421,0
CHA,2013,1768413,0.389,26.05,0,0,14.385593092185196,3.260017768199376,-0.9441759353636907,0
CIN,2013,2492101,0.556,21.35,1,0,14.7286366877632,3.0610517396746335,-0.5869869847315546,1
CLE,2013,1572926,0.568,19.59,1,0,14.268448137068592,2.9750192319564492,-0.5656338602609858,1
COL,2013,2793828,0.457,23.65,0,0,14.842923256417363,3.1633631149379418,-0.7830718880879323,0
DET,2013,3083397,0.574,26.36,1,0,14.941542469255966,3.2718477096343066,-0.5551258826625707,1
MIA,2013,1586322,0.383,29.27,0,0,14.276928687051559,3.3765631007037946,-0.959720289801491,0
HOU,2013,1651883,0.315,30.09,0,0,14.317426407310425,3.4041928906419536,-1.155182640156504,0
KCA,2013,1750754,0.531,19.83,0,0,14.375557110250268,2.9871959425317045,-0.6329932577401982,0
ANA,2013,3019505,0.481,27.54,0,0,14.920603468632017,3.315639493300509,-0.731888008876376,0
LAN,2013,3743527,0.568,22.37,1,0,15.135538773128536,3.107720775502038,-0.5656338602609858,1
MIL,2013,2531105,0.457,24.95,0,0,14.74416652424558,3.2168738221975275,-0.7830718880879323,0
MIN,2013,2477644,0.407,32.59,0,0,14.72281866660517,3.4840054928494704,-0.8989420935395421,0
NYN,2013,2135657,0.457,25.3,0,0,14.574284885643445,3.2308043957334744,-0.7830718880879323,0
NYA,2013,3279589,0.525,51.55,0,0,15.003228667630966,3.942552210462969,-0.6443570163905132,0
OAK,2013,1809302,0.593,22.12,1,0,14.408451693506455,3.096482176654134,-0.5225608799844117,1
PHI,2013,3012403,0.451,37.42,0,0,14.91824865709252,3.6222053208459437,-0.7962879394794586,0
PIT,2013,2256862,0.58,17.21,1,0,14.629485910820033,2.845490610223448,-0.5447271754416722,1
SDN,2013,2166691,0.469,15.99,0,0,14.588711676903921,2.771963526845863,-0.7571525105358577,0
SFN,2013,3369106,0.469,30.09,0,0,15.030157985235967,3.4041928906419536,-0.7571525105358577,0
SEA,2013,1761546,0.438,28.45,0,0,14.381702390529757,3.34814816057234,-0.8255363686056909,0
SLN,2013,3369769,0.599,33.11,1,0,15.030354753985096,3.4998353515591547,-0.5124936808666878,1
TBA,2013,1510300,0.564,20.39,1,0,14.227818864554433,3.015044584586364,-0.5727010274840783,1
TEX,2013,3178273,0.558,22.54,0,0,14.97184852547304,3.11529150861163,-0.583396316600826,1
TOR,2013,2536562,0.457,32.98,0,0,14.74632017882045,3.4959013171314526,-0.7830718880879323,0
WAS,2013,2652422,0.531,35.24,0,0,14.790983742817357,3.562181801067979,-0.6329932577401982,0
ARI,2015,2080145,0.488,17.98,0,0,14.547948160786225,2.8892600290434745,-0.7174398731289899,0
ATL,2015,2001392,0.414,19.14,0,0,14.509353496428545,2.9517803860248084,-0.8818893051568227,0
BAL,2015,2281202,0.5,24.97,0,0,14.640213054995682,3.217675104291682,-0.6931471805599453,0
BOS,2015,2880694,0.481,52.34,0,0,14.873541795305208,3.9577608971019997,-0.731888008876376,0
CHN,2015,2919122,0.599,44.81,1,0,14.88679344409818,3.802431328798052,-0.5124936808666878,1
CHA,2015,1755810,0.469,26.05,0,0,14.378440846867527,3.260017768199376,-0.7571525105358577,0
CIN,2015,2419506,0.395,22.03,0,0,14.699073945063644,3.092405160814252,-0.9288695140810151,0
CLE,2015,1388905,0.503,22.38,0,0,14.14402622486903,3.108167702883779,-0.6871651088823978,0
COL,2015,2506789,0.42,23.65,0,0,14.734513209258566,3.1633631149379418,-0.8675005677047231,0
DET,2015,2726048,0.46,29.01,0,0,14.81836349930076,3.367640598133313,-0.7765287894989963,0
MIA,2015,1752235,0.438,28.96,0,0,14.376402673903616,3.365915567517516,-0.8255363686056909,0
HOU,2015,2153585,0.531,31.82,1,0,14.582644453326566,3.4600950229096408,-0.6329932577401982,1
KCA,2015,2708549,0.586,29.76,1,0,14.811923625110834,3.393165209964891,-0.5344354894051245,1
ANA,2015,3012765,0.525,27.54,0,0,14.918368819717175,3.315639493300509,-0.6443570163905132,0
LAN,2015,3764815,0.568,28.61,1,0,15.141209281222691,3.3537563070620187,-0.5656338602609858,1
MIL,2015,2542558,0.42,26.32,0,0,14.748681218837381,3.2703291064571163,-0.8675005677047231,0
MIN,2015,2220054,0.512,32.59,0,0,14.613042077876955,3.4840054928494704,-0.6694306539426292,0
NYN,2015,2569753,0.556,25.3,1,0,14.759320343303225,3.2308043957334744,-0.5869869847315546,1
NYA,2015,3193795,0.537,51.55,1,0,14.976720422854457,3.942552210462969,-0.6217571844732723,1
OAK,2015,1768175,0.42,24.0,0,0,14.385458499181793,3.1780538303479458,-0.8675005677047231,0
PHI,2015,1831080,0.389,37.42,0,0,14.420416514673782,3.6222053208459437,-0.9441759353636907,0
PIT,2015,2498596,0.605,19.99,1,0,14.731239532082082,2.995232148512309,-0.5025268209512956,1
SDN,2015,2459752,0.457,16.37,0,0,14.715571089818443,2.7954503913830435,-0.7830718880879323,0
SFN,2015,3375882,0.519,33.78,0,0,15.032167181480492,3.519868911379654,-0.6558513958162484,0
SEA,2015,2193581,0.469,31.0,0,0,14.601045926191771,3.4339872044851463,-0.7571525105358577,0
SLN,2015,3520889,0.617,34.2,1,0,15.074224072505357,3.5322256440685598,-0.48288625507674926,1
TBA,2015,1287054,0.494,21.9,0,0,14.067866443740007,3.086486636822455,-0.7052197617942145,0
TEX,2015,2491875,0.543,23.64,1,0,14.728545997117756,3.1629401925378975,-0.6106459590482015,1
TOR,2015,2794891,0.574,25.14,1,0,14.843303665599795,3.2244602031621015,-0.5551258826625707,1
WAS,2015,2619843,0.512,36.02,0,0,14.778624950277663,3.58407433974781,-0.6694306539426292,0
